Loan_ID,Gender,Married,Dependents,Education,Self_Employed,ApplicantIncome,CoapplicantIncome,LoanAmount,Loan_Amount_Term,Credit_History,Property_Area,Loan_Status
LP001002,Male,No,0,Graduate,No,5849.0,0.0,120.0,360.0,1,Urban,Y
LP001003,Male,Yes,1,Graduate,No,4583.0,1508.0,128.0,360.0,1,Rural,N
LP001005,Male,Yes,0,Graduate,Yes,3000.0,0.0,66.0,360.0,1,Urban,Y
LP001006,Male,Yes,0,Not Graduate,No,2583.0,2358.0,120.0,360.0,1,Urban,Y
LP001008,Male,No,0,Graduate,No,6000.0,0.0,141.0,360.0,1,Urban,Y
LP001011,Male,Yes,2,Graduate,Yes,5417.0,4196.0,267.0,360.0,1,Urban,Y
LP001013,Male,Yes,0,Not Graduate,No,2333.0,1516.0,95.0,360.0,1,Urban,Y
LP001014,Male,Yes,3,Graduate,No,3036.0,2504.0,158.0,360.0,0,Semiurban,N
LP001018,Male,Yes,2,Graduate,No,4006.0,1526.0,168.0,360.0,1,Urban,Y
LP001020,Male,Yes,1,Graduate,No,12841.0,10968.0,349.0,360.0,1,Semiurban,N
LP001024,Male,Yes,2,Graduate,No,3200.0,700.0,70.0,360.0,1,Urban,Y
LP001027,Male,Yes,2,Graduate,No,2500.0,1840.0,109.0,360.0,1,Urban,Y
LP001028,Male,Yes,2,Graduate,No,3073.0,8106.0,200.0,360.0,1,Urban,Y
LP001029,Male,No,0,Graduate,No,1853.0,2840.0,114.0,360.0,1,Rural,N
LP001030,Male,Yes,2,Graduate,No,1299.0,1086.0,17.0,120.0,1,Urban,Y
LP001032,Male,No,0,Graduate,No,4950.0,0.0,125.0,360.0,1,Urban,Y
LP001034,Male,No,1,Not Graduate,No,3596.0,0.0,100.0,240.0,1,Urban,Y
LP001036,Female,No,0,Graduate,No,3510.0,0.0,76.0,360.0,0,Urban,N
LP001038,Male,Yes,0,Not Graduate,No,4887.0,0.0,133.0,360.0,1,Rural,N
LP001041,Male,Yes,0,Graduate,No,2600.0,3500.0,115.0,360.0,1,Urban,Y
LP001043,Male,Yes,0,Not Graduate,No,7660.0,0.0,104.0,360.0,0,Urban,N
LP001046,Male,Yes,1,Graduate,No,5955.0,5625.0,315.0,360.0,1,Urban,Y
LP001047,Male,Yes,0,Not Graduate,No,2600.0,1911.0,116.0,360.0,0,Semiurban,N
LP001050,Male,Yes,2,Not Graduate,No,3365.0,1917.0,112.0,360.0,0,Rural,N
LP001052,Male,Yes,1,Graduate,No,3717.0,2925.0,151.0,360.0,1,Semiurban,N
LP001066,Male,Yes,0,Graduate,Yes,9560.0,0.0,191.0,360.0,1,Semiurban,Y
LP001068,Male,Yes,0,Graduate,No,2799.0,2253.0,122.0,360.0,1,Semiurban,Y
LP001073,Male,Yes,2,Not Graduate,No,4226.0,1040.0,110.0,360.0,1,Urban,Y
LP001086,Male,No,0,Not Graduate,No,1442.0,0.0,35.0,360.0,1,Urban,N
LP001087,Female,No,2,Graduate,No,3750.0,2083.0,120.0,360.0,1,Semiurban,Y
LP001091,Male,Yes,1,Graduate,No,4166.0,3369.0,201.0,360.0,1,Urban,N
LP001095,Male,No,0,Graduate,No,3167.0,0.0,74.0,360.0,1,Urban,N
LP001097,Male,No,1,Graduate,Yes,4692.0,0.0,106.0,360.0,1,Rural,N
LP001098,Male,Yes,0,Graduate,No,3500.0,1667.0,114.0,360.0,1,Semiurban,Y
LP001100,Male,No,3,Graduate,No,12500.0,3000.0,320.0,360.0,1,Rural,N
LP001106,Male,Yes,0,Graduate,No,2275.0,2067.0,120.0,360.0,1,Urban,Y
LP001109,Male,Yes,0,Graduate,No,1828.0,1330.0,100.0,360.0,0,Urban,N
LP001112,Female,Yes,0,Graduate,No,3667.0,1459.0,144.0,360.0,1,Semiurban,Y
LP001114,Male,No,0,Graduate,No,4166.0,7210.0,184.0,360.0,1,Urban,Y
LP001116,Male,No,0,Not Graduate,No,3748.0,1668.0,110.0,360.0,1,Semiurban,Y
LP001119,Male,No,0,Graduate,No,3600.0,0.0,80.0,360.0,1,Urban,N
LP001120,Male,No,0,Graduate,No,1800.0,1213.0,47.0,360.0,1,Urban,Y
LP001123,Male,Yes,0,Graduate,No,2400.0,0.0,75.0,360.0,1,Urban,Y
LP001131,Male,Yes,0,Graduate,No,3941.0,2336.0,134.0,360.0,1,Semiurban,Y
LP001136,Male,Yes,0,Not Graduate,Yes,4695.0,0.0,96.0,360.0,1,Urban,Y
LP001137,Female,No,0,Graduate,No,3410.0,0.0,88.0,360.0,1,Urban,Y
LP001138,Male,Yes,1,Graduate,No,5649.0,0.0,44.0,360.0,1,Urban,Y
LP001144,Male,Yes,0,Graduate,No,5821.0,0.0,144.0,360.0,1,Urban,Y
LP001146,Female,Yes,0,Graduate,No,2645.0,3440.0,120.0,360.0,0,Urban,N
LP001151,Female,No,0,Graduate,No,4000.0,2275.0,144.0,360.0,1,Semiurban,Y
LP001155,Female,Yes,0,Not Graduate,No,1928.0,1644.0,100.0,360.0,1,Semiurban,Y
LP001157,Female,No,0,Graduate,No,3086.0,0.0,120.0,360.0,1,Semiurban,Y
LP001164,Female,No,0,Graduate,No,4230.0,0.0,112.0,360.0,1,Semiurban,N
LP001179,Male,Yes,2,Graduate,No,4616.0,0.0,134.0,360.0,1,Urban,N
LP001186,Female,Yes,1,Graduate,Yes,11500.0,0.0,286.0,360.0,0,Urban,N
LP001194,Male,Yes,2,Graduate,No,2708.0,1167.0,97.0,360.0,1,Semiurban,Y
LP001195,Male,Yes,0,Graduate,No,2132.0,1591.0,96.0,360.0,1,Semiurban,Y
LP001197,Male,Yes,0,Graduate,No,3366.0,2200.0,135.0,360.0,1,Rural,N
LP001198,Male,Yes,1,Graduate,No,8080.0,2250.0,180.0,360.0,1,Urban,Y
LP001199,Male,Yes,2,Not Graduate,No,3357.0,2859.0,144.0,360.0,1,Urban,Y
LP001205,Male,Yes,0,Graduate,No,2500.0,3796.0,120.0,360.0,1,Urban,Y
LP001206,Male,Yes,3,Graduate,No,3029.0,0.0,99.0,360.0,1,Urban,Y
LP001207,Male,Yes,0,Not Graduate,Yes,2609.0,3449.0,165.0,180.0,0,Rural,N
LP001213,Male,Yes,1,Graduate,No,4945.0,0.0,120.0,360.0,0,Rural,N
LP001222,Female,No,0,Graduate,No,4166.0,0.0,116.0,360.0,0,Semiurban,N
LP001225,Male,Yes,0,Graduate,No,5726.0,4595.0,258.0,360.0,1,Semiurban,N
LP001228,Male,No,0,Not Graduate,No,3200.0,2254.0,126.0,180.0,0,Urban,N
LP001233,Male,Yes,1,Graduate,No,10750.0,0.0,312.0,360.0,1,Urban,Y
LP001238,Male,Yes,3,Not Graduate,Yes,7100.0,0.0,125.0,60.0,1,Urban,Y
LP001241,Female,No,0,Graduate,No,4300.0,0.0,136.0,360.0,0,Semiurban,N
LP001243,Male,Yes,0,Graduate,No,3208.0,3066.0,172.0,360.0,1,Urban,Y
LP001245,Male,Yes,2,Not Graduate,Yes,1875.0,1875.0,97.0,360.0,1,Semiurban,Y
LP001248,Male,No,0,Graduate,No,3500.0,0.0,81.0,300.0,1,Semiurban,Y
LP001250,Male,Yes,3,Not Graduate,No,4755.0,0.0,95.0,360.0,0,Semiurban,N
LP001253,Male,Yes,3,Graduate,Yes,5266.0,1774.0,187.0,360.0,1,Semiurban,Y
LP001255,Male,No,0,Graduate,No,3750.0,0.0,113.0,480.0,1,Urban,N
LP001256,Male,No,0,Graduate,No,3750.0,4750.0,176.0,360.0,1,Urban,N
LP001259,Male,Yes,1,Graduate,Yes,1000.0,3022.0,110.0,360.0,1,Urban,N
LP001263,Male,Yes,3,Graduate,No,3167.0,4000.0,180.0,300.0,0,Semiurban,N
LP001264,Male,Yes,3,Not Graduate,Yes,3333.0,2166.0,130.0,360.0,1,Semiurban,Y
LP001265,Female,No,0,Graduate,No,3846.0,0.0,111.0,360.0,1,Semiurban,Y
LP001266,Male,Yes,1,Graduate,Yes,2395.0,0.0,120.0,360.0,1,Semiurban,Y
LP001267,Female,Yes,2,Graduate,No,1378.0,1881.0,167.0,360.0,1,Urban,N
LP001273,Male,Yes,0,Graduate,No,6000.0,2250.0,265.0,360.0,1,Semiurban,N
LP001275,Male,Yes,1,Graduate,No,3988.0,0.0,50.0,240.0,1,Urban,Y
LP001279,Male,No,0,Graduate,No,2366.0,2531.0,136.0,360.0,1,Semiurban,Y
LP001280,Male,Yes,2,Not Graduate,No,3333.0,2000.0,99.0,360.0,1,Semiurban,Y
LP001282,Male,Yes,0,Graduate,No,2500.0,2118.0,104.0,360.0,1,Semiurban,Y
LP001289,Male,No,0,Graduate,No,8566.0,0.0,210.0,360.0,1,Urban,Y
LP001310,Male,Yes,0,Graduate,No,5695.0,4167.0,175.0,360.0,1,Semiurban,Y
LP001316,Male,Yes,0,Graduate,No,2958.0,2900.0,131.0,360.0,1,Semiurban,Y
LP001318,Male,Yes,2,Graduate,No,6250.0,5654.0,188.0,180.0,1,Semiurban,Y
LP001319,Male,Yes,2,Not Graduate,No,3273.0,1820.0,81.0,360.0,1,Urban,Y
LP001322,Male,No,0,Graduate,No,4133.0,0.0,122.0,360.0,1,Semiurban,Y
LP001325,Male,No,0,Not Graduate,No,3620.0,0.0,25.0,120.0,1,Semiurban,Y
LP001326,Male,No,0,Graduate,No,6782.0,0.0,120.0,360.0,1,Urban,N
LP001327,Female,Yes,0,Graduate,No,2484.0,2302.0,137.0,360.0,1,Semiurban,Y
LP001333,Male,Yes,0,Graduate,No,1977.0,997.0,50.0,360.0,1,Semiurban,Y
LP001334,Male,Yes,0,Not Graduate,No,4188.0,0.0,115.0,180.0,1,Semiurban,Y
LP001343,Male,Yes,0,Graduate,No,1759.0,3541.0,131.0,360.0,1,Semiurban,Y
LP001345,Male,Yes,2,Not Graduate,No,4288.0,3263.0,133.0,180.0,1,Urban,Y
LP001349,Male,No,0,Graduate,No,4843.0,3806.0,151.0,360.0,1,Semiurban,Y
LP001350,Male,Yes,0,Graduate,No,13650.0,0.0,120.0,360.0,1,Urban,Y
LP001356,Male,Yes,0,Graduate,No,4652.0,3583.0,120.0,360.0,1,Semiurban,Y
LP001357,Male,Yes,0,Graduate,No,3816.0,754.0,160.0,360.0,1,Urban,Y
LP001367,Male,Yes,1,Graduate,No,3052.0,1030.0,100.0,360.0,1,Urban,Y
LP001369,Male,Yes,2,Graduate,No,11417.0,1126.0,225.0,360.0,1,Urban,Y
LP001370,Male,No,0,Not Graduate,No,7333.0,0.0,120.0,360.0,1,Rural,N
LP001379,Male,Yes,2,Graduate,No,3800.0,3600.0,216.0,360.0,0,Urban,N
LP001384,Male,Yes,3,Not Graduate,No,2071.0,754.0,94.0,480.0,1,Semiurban,Y
LP001385,Male,No,0,Graduate,No,5316.0,0.0,136.0,360.0,1,Urban,Y
LP001387,Female,Yes,0,Graduate,No,2929.0,2333.0,139.0,360.0,1,Semiurban,Y
LP001391,Male,Yes,0,Not Graduate,No,3572.0,4114.0,152.0,360.0,0,Rural,N
LP001392,Female,No,1,Graduate,Yes,7451.0,0.0,120.0,360.0,1,Semiurban,Y
LP001398,Male,No,0,Graduate,No,5050.0,0.0,118.0,360.0,1,Semiurban,Y
LP001401,Male,Yes,1,Graduate,No,14583.0,0.0,185.0,180.0,1,Rural,Y
LP001404,Female,Yes,0,Graduate,No,3167.0,2283.0,154.0,360.0,1,Semiurban,Y
LP001405,Male,Yes,1,Graduate,No,2214.0,1398.0,85.0,360.0,1,Urban,Y
LP001421,Male,Yes,0,Graduate,No,5568.0,2142.0,175.0,360.0,1,Rural,N
LP001422,Female,No,0,Graduate,No,10408.0,0.0,259.0,360.0,1,Urban,Y
LP001426,Male,Yes,0,Graduate,No,5667.0,2667.0,180.0,360.0,1,Rural,Y
LP001430,Female,No,0,Graduate,No,4166.0,0.0,44.0,360.0,1,Semiurban,Y
LP001431,Female,No,0,Graduate,No,2137.0,8980.0,137.0,360.0,0,Semiurban,Y
LP001432,Male,Yes,2,Graduate,No,2957.0,0.0,81.0,360.0,1,Semiurban,Y
LP001439,Male,Yes,0,Not Graduate,No,4300.0,2014.0,194.0,360.0,1,Rural,Y
LP001443,Female,No,0,Graduate,No,3692.0,0.0,93.0,360.0,1,Rural,Y
LP001448,Male,Yes,3,Graduate,No,23803.0,0.0,370.0,360.0,1,Rural,Y
LP001449,Male,No,0,Graduate,No,3865.0,1640.0,120.0,360.0,1,Rural,Y
LP001451,Male,Yes,1,Graduate,Yes,10513.0,3850.0,160.0,180.0,0,Urban,N
LP001465,Male,Yes,0,Graduate,No,6080.0,2569.0,182.0,360.0,1,Rural,N
LP001469,Male,No,0,Graduate,Yes,20166.0,0.0,637.0,480.0,1,Urban,Y
LP001473,Male,No,0,Graduate,No,2014.0,1929.0,74.0,360.0,1,Urban,Y
LP001478,Male,No,0,Graduate,No,2718.0,0.0,70.0,360.0,1,Semiurban,Y
LP001482,Male,Yes,0,Graduate,Yes,3459.0,0.0,25.0,120.0,1,Semiurban,Y
LP001487,Male,No,0,Graduate,No,4895.0,0.0,102.0,360.0,1,Semiurban,Y
LP001488,Male,Yes,3,Graduate,No,4000.0,7750.0,290.0,360.0,1,Semiurban,N
LP001489,Female,Yes,0,Graduate,No,4583.0,0.0,84.0,360.0,1,Rural,N
LP001491,Male,Yes,2,Graduate,Yes,3316.0,3500.0,88.0,360.0,1,Urban,Y
LP001492,Male,No,0,Graduate,No,14999.0,0.0,242.0,360.0,0,Semiurban,N
LP001493,Male,Yes,2,Not Graduate,No,4200.0,1430.0,129.0,360.0,1,Rural,N
LP001497,Male,Yes,2,Graduate,No,5042.0,2083.0,185.0,360.0,1,Rural,N
LP001498,Male,No,0,Graduate,No,5417.0,0.0,168.0,360.0,1,Urban,Y
LP001504,Male,No,0,Graduate,Yes,6950.0,0.0,175.0,180.0,1,Semiurban,Y
LP001507,Male,Yes,0,Graduate,No,2698.0,2034.0,122.0,360.0,1,Semiurban,Y
LP001508,Male,Yes,2,Graduate,No,11757.0,0.0,187.0,180.0,1,Urban,Y
LP001514,Female,Yes,0,Graduate,No,2330.0,4486.0,100.0,360.0,1,Semiurban,Y
LP001516,Female,Yes,2,Graduate,No,14866.0,0.0,70.0,360.0,1,Urban,Y
LP001518,Male,Yes,1,Graduate,No,1538.0,1425.0,30.0,360.0,1,Urban,Y
LP001519,Female,No,0,Graduate,No,10000.0,1666.0,225.0,360.0,1,Rural,N
LP001520,Male,Yes,0,Graduate,No,4860.0,830.0,125.0,360.0,1,Semiurban,Y
LP001528,Male,No,0,Graduate,No,6277.0,0.0,118.0,360.0,0,Rural,N
LP001529,Male,Yes,0,Graduate,Yes,2577.0,3750.0,152.0,360.0,1,Rural,Y
LP001531,Male,No,0,Graduate,No,9166.0,0.0,244.0,360.0,1,Urban,N
LP001532,Male,Yes,2,Not Graduate,No,2281.0,0.0,113.0,360.0,1,Rural,N
LP001535,Male,No,0,Graduate,No,3254.0,0.0,50.0,360.0,1,Urban,Y
LP001536,Male,Yes,3,Graduate,No,27614.625,0.0,600.0,180.0,0,Semiurban,Y
LP001541,Male,Yes,1,Graduate,No,6000.0,0.0,160.0,360.0,1,Rural,Y
LP001543,Male,Yes,1,Graduate,No,9538.0,0.0,187.0,360.0,1,Urban,Y
LP001546,Male,No,0,Graduate,No,2980.0,2083.0,120.0,360.0,1,Rural,Y
LP001552,Male,Yes,0,Graduate,No,4583.0,5625.0,255.0,360.0,1,Semiurban,Y
LP001560,Male,Yes,0,Not Graduate,No,1863.0,1041.0,98.0,360.0,1,Semiurban,Y
LP001562,Male,Yes,0,Graduate,No,7933.0,0.0,275.0,360.0,1,Urban,N
LP001565,Male,Yes,1,Graduate,No,3089.0,1280.0,121.0,360.0,0,Semiurban,N
LP001570,Male,Yes,2,Graduate,No,4167.0,1447.0,158.0,360.0,1,Rural,Y
LP001572,Male,Yes,0,Graduate,No,9323.0,0.0,75.0,180.0,1,Urban,Y
LP001574,Male,Yes,0,Graduate,No,3707.0,3166.0,182.0,360.0,1,Rural,Y
LP001577,Female,Yes,0,Graduate,No,4583.0,0.0,112.0,360.0,1,Rural,N
LP001578,Male,Yes,0,Graduate,No,2439.0,3333.0,129.0,360.0,1,Rural,Y
LP001579,Male,No,0,Graduate,No,2237.0,0.0,63.0,480.0,0,Semiurban,N
LP001580,Male,Yes,2,Graduate,No,8000.0,0.0,200.0,360.0,1,Semiurban,Y
LP001581,Male,Yes,0,Not Graduate,No,1820.0,1769.0,95.0,360.0,1,Rural,Y
LP001585,Male,Yes,3,Graduate,No,27614.625,0.0,637.0,300.0,1,Urban,Y
LP001586,Male,Yes,3,Not Graduate,No,3522.0,0.0,81.0,180.0,1,Rural,N
LP001594,Male,Yes,0,Graduate,No,5708.0,5625.0,187.0,360.0,1,Semiurban,Y
LP001603,Male,Yes,0,Not Graduate,Yes,4344.0,736.0,87.0,360.0,1,Semiurban,N
LP001606,Male,Yes,0,Graduate,No,3497.0,1964.0,116.0,360.0,1,Rural,Y
LP001608,Male,Yes,2,Graduate,No,2045.0,1619.0,101.0,360.0,1,Rural,Y
LP001610,Male,Yes,3,Graduate,No,5516.0,11300.0,495.0,360.0,0,Semiurban,N
LP001616,Male,Yes,1,Graduate,No,3750.0,0.0,116.0,360.0,1,Semiurban,Y
LP001630,Male,No,0,Not Graduate,No,2333.0,1451.0,102.0,480.0,0,Urban,N
LP001633,Male,Yes,1,Graduate,No,6400.0,7250.0,180.0,360.0,0,Urban,N
LP001634,Male,No,0,Graduate,No,1916.0,5063.0,67.0,360.0,1,Rural,N
LP001636,Male,Yes,0,Graduate,No,4600.0,0.0,73.0,180.0,1,Semiurban,Y
LP001637,Male,Yes,1,Graduate,No,27614.625,0.0,260.0,360.0,1,Semiurban,N
LP001639,Female,Yes,0,Graduate,No,3625.0,0.0,108.0,360.0,1,Semiurban,Y
LP001640,Male,Yes,0,Graduate,Yes,27614.625,4750.0,120.0,360.0,1,Semiurban,Y
LP001641,Male,Yes,1,Graduate,Yes,2178.0,0.0,66.0,300.0,0,Rural,N
LP001643,Male,Yes,0,Graduate,No,2383.0,2138.0,58.0,360.0,1,Rural,Y
LP001644,Male,Yes,0,Graduate,Yes,674.0,5296.0,168.0,360.0,1,Rural,Y
LP001647,Male,Yes,0,Graduate,No,9328.0,0.0,188.0,180.0,1,Rural,Y
LP001653,Male,No,0,Not Graduate,No,4885.0,0.0,48.0,360.0,1,Rural,Y
LP001656,Male,No,0,Graduate,No,12000.0,0.0,164.0,360.0,1,Semiurban,N
LP001657,Male,Yes,0,Not Graduate,No,6033.0,0.0,160.0,360.0,1,Urban,N
LP001658,Male,No,0,Graduate,No,3858.0,0.0,76.0,360.0,1,Semiurban,Y
LP001664,Male,No,0,Graduate,No,4191.0,0.0,120.0,360.0,1,Rural,Y
LP001665,Male,Yes,1,Graduate,No,3125.0,2583.0,170.0,360.0,1,Semiurban,N
LP001666,Male,No,0,Graduate,No,8333.0,3750.0,187.0,360.0,1,Rural,Y
LP001669,Female,No,0,Not Graduate,No,1907.0,2365.0,120.0,360.0,1,Urban,Y
LP001671,Female,Yes,0,Graduate,No,3416.0,2816.0,113.0,360.0,1,Semiurban,Y
LP001673,Male,No,0,Graduate,Yes,11000.0,0.0,83.0,360.0,1,Urban,N
LP001674,Male,Yes,1,Not Graduate,No,2600.0,2500.0,90.0,360.0,1,Semiurban,Y
LP001677,Male,No,2,Graduate,No,4923.0,0.0,166.0,360.0,0,Semiurban,Y
LP001682,Male,Yes,3,Not Graduate,No,3992.0,0.0,120.0,180.0,1,Urban,N
LP001688,Male,Yes,1,Not Graduate,No,3500.0,1083.0,135.0,360.0,1,Urban,Y
LP001691,Male,Yes,2,Not Graduate,No,3917.0,0.0,124.0,360.0,1,Semiurban,Y
LP001692,Female,No,0,Not Graduate,No,4408.0,0.0,120.0,360.0,1,Semiurban,Y
LP001693,Female,No,0,Graduate,No,3244.0,0.0,80.0,360.0,1,Urban,Y
LP001698,Male,No,0,Not Graduate,No,3975.0,2531.0,55.0,360.0,1,Rural,Y
LP001699,Male,No,0,Graduate,No,2479.0,0.0,59.0,360.0,1,Urban,Y
LP001702,Male,No,0,Graduate,No,3418.0,0.0,127.0,360.0,1,Semiurban,N
LP001708,Female,No,0,Graduate,No,10000.0,0.0,214.0,360.0,1,Semiurban,N
LP001711,Male,Yes,3,Graduate,No,3430.0,1250.0,128.0,360.0,0,Semiurban,N
LP001713,Male,Yes,1,Graduate,Yes,7787.0,0.0,240.0,360.0,1,Urban,Y
LP001715,Male,Yes,3,Not Graduate,Yes,5703.0,0.0,130.0,360.0,1,Rural,Y
LP001716,Male,Yes,0,Graduate,No,3173.0,3021.0,137.0,360.0,1,Urban,Y
LP001720,Male,Yes,3,Not Graduate,No,3850.0,983.0,100.0,360.0,1,Semiurban,Y
LP001722,Male,Yes,0,Graduate,No,150.0,1800.0,135.0,360.0,1,Rural,N
LP001726,Male,Yes,0,Graduate,No,3727.0,1775.0,131.0,360.0,1,Semiurban,Y
LP001732,Male,Yes,2,Graduate,No,5000.0,0.0,72.0,360.0,0,Semiurban,N
LP001734,Female,Yes,2,Graduate,No,4283.0,2383.0,127.0,360.0,1,Semiurban,Y
LP001736,Male,Yes,0,Graduate,No,2221.0,0.0,60.0,360.0,0,Urban,N
LP001743,Male,Yes,2,Graduate,No,4009.0,1717.0,116.0,360.0,1,Semiurban,Y
LP001744,Male,No,0,Graduate,No,2971.0,2791.0,144.0,360.0,1,Semiurban,Y
LP001749,Male,Yes,0,Graduate,No,7578.0,1010.0,175.0,360.0,1,Semiurban,Y
LP001750,Male,Yes,0,Graduate,No,6250.0,0.0,128.0,360.0,1,Semiurban,Y
LP001751,Male,Yes,0,Graduate,No,3250.0,0.0,170.0,360.0,1,Rural,N
LP001754,Male,Yes,0,Not Graduate,Yes,4735.0,0.0,138.0,360.0,1,Urban,N
LP001758,Male,Yes,2,Graduate,No,6250.0,1695.0,210.0,360.0,1,Semiurban,Y
LP001760,Male,Yes,0,Graduate,No,4758.0,0.0,158.0,480.0,1,Semiurban,Y
LP001761,Male,No,0,Graduate,Yes,6400.0,0.0,200.0,360.0,1,Rural,Y
LP001765,Male,Yes,1,Graduate,No,2491.0,2054.0,104.0,360.0,1,Semiurban,Y
LP001768,Male,Yes,0,Graduate,No,3716.0,0.0,42.0,180.0,1,Rural,Y
LP001770,Male,No,0,Not Graduate,No,3189.0,2598.0,120.0,360.0,1,Rural,Y
LP001776,Female,No,0,Graduate,No,8333.0,0.0,280.0,360.0,1,Semiurban,Y
LP001778,Male,Yes,1,Graduate,No,3155.0,1779.0,140.0,360.0,1,Semiurban,Y
LP001784,Male,Yes,1,Graduate,No,5500.0,1260.0,170.0,360.0,1,Rural,Y
LP001786,Male,Yes,0,Graduate,No,5746.0,0.0,255.0,360.0,1,Urban,N
LP001788,Female,No,0,Graduate,Yes,3463.0,0.0,122.0,360.0,1,Urban,Y
LP001790,Female,No,1,Graduate,No,3812.0,0.0,112.0,360.0,1,Rural,Y
LP001792,Male,Yes,1,Graduate,No,3315.0,0.0,96.0,360.0,1,Semiurban,Y
LP001798,Male,Yes,2,Graduate,No,5819.0,5000.0,120.0,360.0,1,Rural,Y
LP001800,Male,Yes,1,Not Graduate,No,2510.0,1983.0,140.0,180.0,1,Urban,N
LP001806,Male,No,0,Graduate,No,2965.0,5701.0,155.0,60.0,1,Urban,Y
LP001807,Male,Yes,2,Graduate,Yes,6250.0,1300.0,108.0,360.0,1,Rural,Y
LP001811,Male,Yes,0,Not Graduate,No,3406.0,4417.0,123.0,360.0,1,Semiurban,Y
LP001813,Male,No,0,Graduate,Yes,6050.0,4333.0,120.0,180.0,1,Urban,N
LP001814,Male,Yes,2,Graduate,No,9703.0,0.0,112.0,360.0,1,Urban,Y
LP001819,Male,Yes,1,Not Graduate,No,6608.0,0.0,137.0,180.0,1,Urban,Y
LP001824,Male,Yes,1,Graduate,No,2882.0,1843.0,123.0,480.0,1,Semiurban,Y
LP001825,Male,Yes,0,Graduate,No,1809.0,1868.0,90.0,360.0,1,Urban,Y
LP001835,Male,Yes,0,Not Graduate,No,1668.0,3890.0,201.0,360.0,0,Semiurban,N
LP001836,Female,No,2,Graduate,No,3427.0,0.0,138.0,360.0,1,Urban,N
LP001841,Male,No,0,Not Graduate,Yes,2583.0,2167.0,104.0,360.0,1,Rural,Y
LP001843,Male,Yes,1,Not Graduate,No,2661.0,7101.0,279.0,180.0,1,Semiurban,Y
LP001844,Male,No,0,Graduate,Yes,16250.0,0.0,192.0,360.0,0,Urban,N
LP001846,Female,No,3,Graduate,No,3083.0,0.0,255.0,360.0,1,Rural,Y
LP001849,Male,No,0,Not Graduate,No,6045.0,0.0,115.0,360.0,0,Rural,N
LP001854,Male,Yes,3,Graduate,No,5250.0,0.0,94.0,360.0,1,Urban,N
LP001859,Male,Yes,0,Graduate,No,14683.0,2100.0,304.0,360.0,1,Rural,N
LP001864,Male,Yes,3,Not Graduate,No,4931.0,0.0,128.0,360.0,1,Semiurban,N
LP001865,Male,Yes,1,Graduate,No,6083.0,4250.0,330.0,360.0,1,Urban,Y
LP001868,Male,No,0,Graduate,No,2060.0,2209.0,134.0,360.0,1,Semiurban,Y
LP001870,Female,No,1,Graduate,No,3481.0,0.0,155.0,36.0,1,Semiurban,N
LP001871,Female,No,0,Graduate,No,7200.0,0.0,120.0,360.0,1,Rural,Y
LP001872,Male,No,0,Graduate,Yes,5166.0,0.0,128.0,360.0,1,Semiurban,Y
LP001875,Male,No,0,Graduate,No,4095.0,3447.0,151.0,360.0,1,Rural,Y
LP001877,Male,Yes,2,Graduate,No,4708.0,1387.0,150.0,360.0,1,Semiurban,Y
LP001882,Male,Yes,3,Graduate,No,4333.0,1811.0,160.0,360.0,0,Urban,Y
LP001883,Female,No,0,Graduate,No,3418.0,0.0,135.0,360.0,1,Rural,N
LP001884,Female,No,1,Graduate,No,2876.0,1560.0,90.0,360.0,1,Urban,Y
LP001888,Female,No,0,Graduate,No,3237.0,0.0,30.0,360.0,1,Urban,Y
LP001891,Male,Yes,0,Graduate,No,11146.0,0.0,136.0,360.0,1,Urban,Y
LP001892,Male,No,0,Graduate,No,2833.0,1857.0,126.0,360.0,1,Rural,Y
LP001894,Male,Yes,0,Graduate,No,2620.0,2223.0,150.0,360.0,1,Semiurban,Y
LP001896,Male,Yes,2,Graduate,No,3900.0,0.0,90.0,360.0,1,Semiurban,Y
LP001900,Male,Yes,1,Graduate,No,2750.0,1842.0,115.0,360.0,1,Semiurban,Y
LP001903,Male,Yes,0,Graduate,No,3993.0,3274.0,207.0,360.0,1,Semiurban,Y
LP001904,Male,Yes,0,Graduate,No,3103.0,1300.0,80.0,360.0,1,Urban,Y
LP001907,Male,Yes,0,Graduate,No,14583.0,0.0,436.0,360.0,1,Semiurban,Y
LP001908,Female,Yes,0,Not Graduate,No,4100.0,0.0,124.0,360.0,1,Rural,Y
LP001910,Male,No,1,Not Graduate,Yes,4053.0,2426.0,158.0,360.0,0,Urban,N
LP001914,Male,Yes,0,Graduate,No,3927.0,800.0,112.0,360.0,1,Semiurban,Y
LP001915,Male,Yes,2,Graduate,No,2301.0,985.7999878,78.0,180.0,1,Urban,Y
LP001917,Female,No,0,Graduate,No,1811.0,1666.0,54.0,360.0,1,Urban,Y
LP001922,Male,Yes,0,Graduate,No,20667.0,0.0,120.0,360.0,1,Rural,N
LP001924,Male,No,0,Graduate,No,3158.0,3053.0,89.0,360.0,1,Rural,Y
LP001925,Female,No,0,Graduate,Yes,2600.0,1717.0,99.0,300.0,1,Semiurban,N
LP001926,Male,Yes,0,Graduate,No,3704.0,2000.0,120.0,360.0,1,Rural,Y
LP001931,Female,No,0,Graduate,No,4124.0,0.0,115.0,360.0,1,Semiurban,Y
LP001935,Male,No,0,Graduate,No,9508.0,0.0,187.0,360.0,1,Rural,Y
LP001936,Male,Yes,0,Graduate,No,3075.0,2416.0,139.0,360.0,1,Rural,Y
LP001938,Male,Yes,2,Graduate,No,4400.0,0.0,127.0,360.0,0,Semiurban,N
LP001940,Male,Yes,2,Graduate,No,3153.0,1560.0,134.0,360.0,1,Urban,Y
LP001945,Female,No,0,Graduate,No,5417.0,0.0,143.0,480.0,0,Urban,N
LP001947,Male,Yes,0,Graduate,No,2383.0,3334.0,172.0,360.0,1,Semiurban,Y
LP001949,Male,Yes,3,Graduate,No,4416.0,1250.0,110.0,360.0,1,Urban,Y
LP001953,Male,Yes,1,Graduate,No,6875.0,0.0,200.0,360.0,1,Semiurban,Y
LP001954,Female,Yes,1,Graduate,No,4666.0,0.0,135.0,360.0,1,Urban,Y
LP001955,Female,No,0,Graduate,No,5000.0,2541.0,151.0,480.0,1,Rural,N
LP001963,Male,Yes,1,Graduate,No,2014.0,2925.0,113.0,360.0,1,Urban,N
LP001964,Male,Yes,0,Not Graduate,No,1800.0,2934.0,93.0,360.0,0,Urban,N
LP001972,Male,Yes,0,Not Graduate,No,2875.0,1750.0,105.0,360.0,1,Semiurban,Y
LP001974,Female,No,0,Graduate,No,5000.0,0.0,132.0,360.0,1,Rural,Y
LP001977,Male,Yes,1,Graduate,No,1625.0,1803.0,96.0,360.0,1,Urban,Y
LP001978,Male,No,0,Graduate,No,4000.0,2500.0,140.0,360.0,1,Rural,Y
LP001990,Male,No,0,Not Graduate,No,2000.0,0.0,120.0,360.0,1,Urban,N
LP001993,Female,No,0,Graduate,No,3762.0,1666.0,135.0,360.0,1,Rural,Y
LP001994,Female,No,0,Graduate,No,2400.0,1863.0,104.0,360.0,0,Urban,N
LP001996,Male,No,0,Graduate,No,20233.0,0.0,480.0,360.0,1,Rural,N
LP001998,Male,Yes,2,Not Graduate,No,7667.0,0.0,185.0,360.0,1,Rural,Y
LP002002,Female,No,0,Graduate,No,2917.0,0.0,84.0,360.0,1,Semiurban,Y
LP002004,Male,No,0,Not Graduate,No,2927.0,2405.0,111.0,360.0,1,Semiurban,Y
LP002006,Female,No,0,Graduate,No,2507.0,0.0,56.0,360.0,1,Rural,Y
LP002008,Male,Yes,2,Graduate,Yes,5746.0,0.0,144.0,84.0,1,Rural,Y
LP002024,Male,Yes,0,Graduate,No,2473.0,1843.0,159.0,360.0,1,Rural,N
LP002031,Male,Yes,1,Not Graduate,No,3399.0,1640.0,111.0,180.0,1,Urban,Y
LP002035,Male,Yes,2,Graduate,No,3717.0,0.0,120.0,360.0,1,Semiurban,Y
LP002036,Male,Yes,0,Graduate,No,2058.0,2134.0,88.0,360.0,1,Urban,Y
LP002043,Female,No,1,Graduate,No,3541.0,0.0,112.0,360.0,1,Semiurban,Y
LP002050,Male,Yes,1,Graduate,Yes,10000.0,0.0,155.0,360.0,1,Rural,N
LP002051,Male,Yes,0,Graduate,No,2400.0,2167.0,115.0,360.0,1,Semiurban,Y
LP002053,Male,Yes,3,Graduate,No,4342.0,189.0,124.0,360.0,1,Semiurban,Y
LP002054,Male,Yes,2,Not Graduate,No,3601.0,1590.0,120.0,360.0,1,Rural,Y
LP002055,Female,No,0,Graduate,No,3166.0,2985.0,132.0,360.0,1,Rural,Y
LP002065,Male,Yes,3,Graduate,No,15000.0,0.0,300.0,360.0,1,Rural,Y
LP002067,Male,Yes,1,Graduate,Yes,8666.0,4983.0,376.0,360.0,0,Rural,N
LP002068,Male,No,0,Graduate,No,4917.0,0.0,130.0,360.0,0,Rural,Y
LP002082,Male,Yes,0,Graduate,Yes,5818.0,2160.0,184.0,360.0,1,Semiurban,Y
LP002086,Female,Yes,0,Graduate,No,4333.0,2451.0,110.0,360.0,1,Urban,N
LP002087,Female,No,0,Graduate,No,2500.0,0.0,67.0,360.0,1,Urban,Y
LP002097,Male,No,1,Graduate,No,4384.0,1793.0,117.0,360.0,1,Urban,Y
LP002098,Male,No,0,Graduate,No,2935.0,0.0,98.0,360.0,1,Semiurban,Y
LP002100,Male,No,0,Graduate,No,2833.0,0.0,71.0,360.0,1,Urban,Y
LP002101,Male,Yes,0,Graduate,No,27614.625,0.0,490.0,180.0,1,Urban,Y
LP002103,Male,Yes,1,Graduate,Yes,9833.0,1833.0,182.0,180.0,1,Urban,Y
LP002106,Male,Yes,0,Graduate,Yes,5503.0,4490.0,70.0,360.0,1,Semiurban,Y
LP002110,Male,Yes,1,Graduate,No,5250.0,688.0,160.0,360.0,1,Rural,Y
LP002112,Male,Yes,2,Graduate,Yes,2500.0,4600.0,176.0,360.0,1,Rural,Y
LP002113,Female,No,3,Not Graduate,No,1830.0,0.0,120.0,360.0,0,Urban,N
LP002114,Female,No,0,Graduate,No,4160.0,0.0,71.0,360.0,1,Semiurban,Y
LP002115,Male,Yes,3,Not Graduate,No,2647.0,1587.0,173.0,360.0,1,Rural,N
LP002116,Female,No,0,Graduate,No,2378.0,0.0,46.0,360.0,1,Rural,N
LP002119,Male,Yes,1,Not Graduate,No,4554.0,1229.0,158.0,360.0,1,Urban,Y
LP002126,Male,Yes,3,Not Graduate,No,3173.0,0.0,74.0,360.0,1,Semiurban,Y
LP002128,Male,Yes,2,Graduate,No,2583.0,2330.0,125.0,360.0,1,Rural,Y
LP002129,Male,Yes,0,Graduate,No,2499.0,2458.0,160.0,360.0,1,Semiurban,Y
LP002130,Male,Yes,0,Not Graduate,No,3523.0,3230.0,152.0,360.0,0,Rural,N
LP002131,Male,Yes,2,Not Graduate,No,3083.0,2168.0,126.0,360.0,1,Urban,Y
LP002137,Male,Yes,0,Graduate,No,6333.0,4583.0,259.0,360.0,1,Semiurban,Y
LP002138,Male,Yes,0,Graduate,No,2625.0,6250.0,187.0,360.0,1,Rural,Y
LP002139,Male,Yes,0,Graduate,No,9083.0,0.0,228.0,360.0,1,Semiurban,Y
LP002140,Male,No,0,Graduate,No,8750.0,4167.0,308.0,360.0,1,Rural,N
LP002141,Male,Yes,3,Graduate,No,2666.0,2083.0,95.0,360.0,1,Rural,Y
LP002142,Female,Yes,0,Graduate,Yes,5500.0,0.0,105.0,360.0,0,Rural,N
LP002143,Female,Yes,0,Graduate,No,2423.0,505.0,130.0,360.0,1,Semiurban,Y
LP002144,Female,No,0,Graduate,No,3813.0,0.0,116.0,180.0,1,Urban,Y
LP002149,Male,Yes,2,Graduate,No,8333.0,3167.0,165.0,360.0,1,Rural,Y
LP002151,Male,Yes,1,Graduate,No,3875.0,0.0,67.0,360.0,1,Urban,N
LP002158,Male,Yes,0,Not Graduate,No,3000.0,1666.0,100.0,480.0,0,Urban,N
LP002160,Male,Yes,3,Graduate,No,5167.0,3167.0,200.0,360.0,1,Semiurban,Y
LP002161,Female,No,1,Graduate,No,4723.0,0.0,81.0,360.0,1,Semiurban,N
LP002170,Male,Yes,2,Graduate,No,5000.0,3667.0,236.0,360.0,1,Semiurban,Y
LP002175,Male,Yes,0,Graduate,No,4750.0,2333.0,130.0,360.0,1,Urban,Y
LP002178,Male,Yes,0,Graduate,No,3013.0,3033.0,95.0,300.0,1,Urban,Y
LP002180,Male,No,0,Graduate,Yes,6822.0,0.0,141.0,360.0,1,Rural,Y
LP002181,Male,No,0,Not Graduate,No,6216.0,0.0,133.0,360.0,1,Rural,N
LP002187,Male,No,0,Graduate,No,2500.0,0.0,96.0,480.0,1,Semiurban,N
LP002188,Male,No,0,Graduate,No,5124.0,0.0,124.0,360.0,0,Rural,N
LP002190,Male,Yes,1,Graduate,No,6325.0,0.0,175.0,360.0,1,Semiurban,Y
LP002191,Male,Yes,0,Graduate,No,19730.0,5266.0,570.0,360.0,1,Rural,N
LP002194,Female,No,0,Graduate,Yes,15759.0,0.0,55.0,360.0,1,Semiurban,Y
LP002197,Male,Yes,2,Graduate,No,5185.0,0.0,155.0,360.0,1,Semiurban,Y
LP002201,Male,Yes,2,Graduate,Yes,9323.0,7873.0,380.0,300.0,1,Rural,Y
LP002205,Male,No,1,Graduate,No,3062.0,1987.0,111.0,180.0,0,Urban,N
LP002209,Female,No,0,Graduate,No,2764.0,1459.0,110.0,360.0,1,Urban,Y
LP002211,Male,Yes,0,Graduate,No,4817.0,923.0,120.0,180.0,1,Urban,Y
LP002219,Male,Yes,3,Graduate,No,8750.0,4996.0,130.0,360.0,1,Rural,Y
LP002223,Male,Yes,0,Graduate,No,4310.0,0.0,130.0,360.0,1,Semiurban,Y
LP002224,Male,No,0,Graduate,No,3069.0,0.0,71.0,480.0,1,Urban,N
LP002225,Male,Yes,2,Graduate,No,5391.0,0.0,130.0,360.0,1,Urban,Y
LP002226,Male,Yes,0,Graduate,No,3333.0,2500.0,128.0,360.0,1,Semiurban,Y
LP002229,Male,No,0,Graduate,No,5941.0,4232.0,296.0,360.0,1,Semiurban,Y
LP002231,Female,No,0,Graduate,No,6000.0,0.0,156.0,360.0,1,Urban,Y
LP002234,Male,No,0,Graduate,Yes,7167.0,0.0,128.0,360.0,1,Urban,Y
LP002236,Male,Yes,2,Graduate,No,4566.0,0.0,100.0,360.0,1,Urban,N
LP002237,Male,No,1,Graduate,No,3667.0,0.0,113.0,180.0,1,Urban,Y
LP002239,Male,No,0,Not Graduate,No,2346.0,1600.0,132.0,360.0,1,Semiurban,Y
LP002243,Male,Yes,0,Not Graduate,No,3010.0,3136.0,120.0,360.0,0,Urban,N
LP002244,Male,Yes,0,Graduate,No,2333.0,2417.0,136.0,360.0,1,Urban,Y
LP002250,Male,Yes,0,Graduate,No,5488.0,0.0,125.0,360.0,1,Rural,Y
LP002255,Male,No,3,Graduate,No,9167.0,0.0,185.0,360.0,1,Rural,Y
LP002262,Male,Yes,3,Graduate,No,9504.0,0.0,275.0,360.0,1,Rural,Y
LP002263,Male,Yes,0,Graduate,No,2583.0,2115.0,120.0,360.0,1,Urban,Y
LP002265,Male,Yes,2,Not Graduate,No,1993.0,1625.0,113.0,180.0,1,Semiurban,Y
LP002266,Male,Yes,2,Graduate,No,3100.0,1400.0,113.0,360.0,1,Urban,Y
LP002272,Male,Yes,2,Graduate,No,3276.0,484.0,135.0,360.0,1,Semiurban,Y
LP002277,Female,No,0,Graduate,No,3180.0,0.0,71.0,360.0,0,Urban,N
LP002281,Male,Yes,0,Graduate,No,3033.0,1459.0,95.0,360.0,1,Urban,Y
LP002284,Male,No,0,Not Graduate,No,3902.0,1666.0,109.0,360.0,1,Rural,Y
LP002287,Female,No,0,Graduate,No,1500.0,1800.0,103.0,360.0,0,Semiurban,N
LP002288,Male,Yes,2,Not Graduate,No,2889.0,0.0,45.0,180.0,0,Urban,N
LP002296,Male,No,0,Not Graduate,No,2755.0,0.0,65.0,300.0,1,Rural,N
LP002297,Male,No,0,Graduate,No,2500.0,20000.0,103.0,360.0,1,Semiurban,Y
LP002300,Female,No,0,Not Graduate,No,1963.0,0.0,53.0,360.0,1,Semiurban,Y
LP002301,Female,No,0,Graduate,Yes,7441.0,0.0,194.0,360.0,1,Rural,N
LP002305,Female,No,0,Graduate,No,4547.0,0.0,115.0,360.0,1,Semiurban,Y
LP002308,Male,Yes,0,Not Graduate,No,2167.0,2400.0,115.0,360.0,1,Urban,Y
LP002314,Female,No,0,Not Graduate,No,2213.0,0.0,66.0,360.0,1,Rural,Y
LP002315,Male,Yes,1,Graduate,No,8300.0,0.0,152.0,300.0,0,Semiurban,N
LP002317,Male,Yes,3,Graduate,No,27614.625,0.0,360.0,360.0,0,Rural,N
LP002318,Female,No,1,Not Graduate,Yes,3867.0,0.0,62.0,360.0,1,Semiurban,N
LP002319,Male,Yes,0,Graduate,No,6256.0,0.0,160.0,360.0,1,Urban,Y
LP002328,Male,Yes,0,Not Graduate,No,6096.0,0.0,218.0,360.0,0,Rural,N
LP002332,Male,Yes,0,Not Graduate,No,2253.0,2033.0,110.0,360.0,1,Rural,Y
LP002335,Female,Yes,0,Not Graduate,No,2149.0,3237.0,178.0,360.0,0,Semiurban,N
LP002337,Female,No,0,Graduate,No,2995.0,0.0,60.0,360.0,1,Urban,Y
LP002341,Female,No,1,Graduate,No,2600.0,0.0,160.0,360.0,1,Urban,N
LP002342,Male,Yes,2,Graduate,Yes,1600.0,20000.0,239.0,360.0,1,Urban,N
LP002345,Male,Yes,0,Graduate,No,1025.0,2773.0,112.0,360.0,1,Rural,Y
LP002347,Male,Yes,0,Graduate,No,3246.0,1417.0,138.0,360.0,1,Semiurban,Y
LP002348,Male,Yes,0,Graduate,No,5829.0,0.0,138.0,360.0,1,Rural,Y
LP002357,Female,No,0,Not Graduate,No,2720.0,0.0,80.0,360.0,0,Urban,N
LP002361,Male,Yes,0,Graduate,No,1820.0,1719.0,100.0,360.0,1,Urban,Y
LP002362,Male,Yes,1,Graduate,No,7250.0,1667.0,110.0,360.0,0,Urban,N
LP002364,Male,Yes,0,Graduate,No,14880.0,0.0,96.0,360.0,1,Semiurban,Y
LP002366,Male,Yes,0,Graduate,No,2666.0,4300.0,121.0,360.0,1,Rural,Y
LP002367,Female,No,1,Not Graduate,No,4606.0,0.0,81.0,360.0,1,Rural,N
LP002368,Male,Yes,2,Graduate,No,5935.0,0.0,133.0,360.0,1,Semiurban,Y
LP002369,Male,Yes,0,Graduate,No,2920.0,16.12000084,87.0,360.0,1,Rural,Y
LP002370,Male,No,0,Not Graduate,No,2717.0,0.0,60.0,180.0,1,Urban,Y
LP002377,Female,No,1,Graduate,Yes,8624.0,0.0,150.0,360.0,1,Semiurban,Y
LP002379,Male,No,0,Graduate,No,6500.0,0.0,105.0,360.0,0,Rural,N
LP002386,Male,No,0,Graduate,No,12876.0,0.0,405.0,360.0,1,Semiurban,Y
LP002387,Male,Yes,0,Graduate,No,2425.0,2340.0,143.0,360.0,1,Semiurban,Y
LP002390,Male,No,0,Graduate,No,3750.0,0.0,100.0,360.0,1,Urban,Y
LP002393,Female,Yes,0,Graduate,No,10047.0,0.0,120.0,240.0,1,Semiurban,Y
LP002398,Male,No,0,Graduate,No,1926.0,1851.0,50.0,360.0,1,Semiurban,Y
LP002401,Male,Yes,0,Graduate,No,2213.0,1125.0,120.0,360.0,1,Urban,Y
LP002403,Male,No,0,Graduate,Yes,10416.0,0.0,187.0,360.0,0,Urban,N
LP002407,Female,Yes,0,Not Graduate,Yes,7142.0,0.0,138.0,360.0,1,Rural,Y
LP002408,Male,No,0,Graduate,No,3660.0,5064.0,187.0,360.0,1,Semiurban,Y
LP002409,Male,Yes,0,Graduate,No,7901.0,1833.0,180.0,360.0,1,Rural,Y
LP002418,Male,No,3,Not Graduate,No,4707.0,1993.0,148.0,360.0,1,Semiurban,Y
LP002422,Male,No,1,Graduate,No,27614.625,0.0,152.0,360.0,1,Semiurban,Y
LP002424,Male,Yes,0,Graduate,No,7333.0,8333.0,175.0,300.0,1,Rural,Y
LP002429,Male,Yes,1,Graduate,Yes,3466.0,1210.0,130.0,360.0,1,Rural,Y
LP002434,Male,Yes,2,Not Graduate,No,4652.0,0.0,110.0,360.0,1,Rural,Y
LP002435,Male,Yes,0,Graduate,No,3539.0,1376.0,55.0,360.0,1,Rural,N
LP002443,Male,Yes,2,Graduate,No,3340.0,1710.0,150.0,360.0,0,Rural,N
LP002444,Male,No,1,Not Graduate,Yes,2769.0,1542.0,190.0,360.0,1,Semiurban,N
LP002446,Male,Yes,2,Not Graduate,No,2309.0,1255.0,125.0,360.0,0,Rural,N
LP002447,Male,Yes,2,Not Graduate,No,1958.0,1456.0,60.0,300.0,1,Urban,Y
LP002448,Male,Yes,0,Graduate,No,3948.0,1733.0,149.0,360.0,0,Rural,N
LP002449,Male,Yes,0,Graduate,No,2483.0,2466.0,90.0,180.0,0,Rural,Y
LP002453,Male,No,0,Graduate,Yes,7085.0,0.0,84.0,360.0,1,Semiurban,Y
LP002455,Male,Yes,2,Graduate,No,3859.0,0.0,96.0,360.0,1,Semiurban,Y
LP002459,Male,Yes,0,Graduate,No,4301.0,0.0,118.0,360.0,1,Urban,Y
LP002467,Male,Yes,0,Graduate,No,3708.0,2569.0,173.0,360.0,1,Urban,N
LP002472,Male,No,2,Graduate,No,4354.0,0.0,136.0,360.0,1,Rural,Y
LP002473,Male,Yes,0,Graduate,No,8334.0,0.0,160.0,360.0,1,Semiurban,N
LP002478,Male,Yes,0,Graduate,Yes,2083.0,4083.0,160.0,360.0,1,Semiurban,Y
LP002484,Male,Yes,3,Graduate,No,7740.0,0.0,128.0,180.0,1,Urban,Y
LP002487,Male,Yes,0,Graduate,No,3015.0,2188.0,153.0,360.0,1,Rural,Y
LP002489,Female,No,1,Not Graduate,No,5191.0,0.0,132.0,360.0,1,Semiurban,Y
LP002493,Male,No,0,Graduate,No,4166.0,0.0,98.0,360.0,0,Semiurban,N
LP002494,Male,No,0,Graduate,No,6000.0,0.0,140.0,360.0,1,Rural,Y
LP002500,Male,Yes,3,Not Graduate,No,2947.0,1664.0,70.0,180.0,0,Urban,N
LP002501,Male,Yes,0,Graduate,No,16692.0,0.0,110.0,360.0,1,Semiurban,Y
LP002502,Female,Yes,2,Not Graduate,No,210.0,2917.0,98.0,360.0,1,Semiurban,Y
LP002505,Male,Yes,0,Graduate,No,4333.0,2451.0,110.0,360.0,1,Urban,N
LP002515,Male,Yes,1,Graduate,Yes,3450.0,2079.0,162.0,360.0,1,Semiurban,Y
LP002517,Male,Yes,1,Not Graduate,No,2653.0,1500.0,113.0,180.0,0,Rural,N
LP002519,Male,Yes,3,Graduate,No,4691.0,0.0,100.0,360.0,1,Semiurban,Y
LP002522,Female,No,0,Graduate,Yes,2500.0,0.0,93.0,360.0,1,Urban,Y
LP002524,Male,No,2,Graduate,No,5532.0,4648.0,162.0,360.0,1,Rural,Y
LP002527,Male,Yes,2,Graduate,Yes,16525.0,1014.0,150.0,360.0,1,Rural,Y
LP002529,Male,Yes,2,Graduate,No,6700.0,1750.0,230.0,300.0,1,Semiurban,Y
LP002530,Male,Yes,2,Graduate,No,2873.0,1872.0,132.0,360.0,0,Semiurban,N
LP002531,Male,Yes,1,Graduate,Yes,16667.0,2250.0,86.0,360.0,1,Semiurban,Y
LP002533,Male,Yes,2,Graduate,No,2947.0,1603.0,120.0,360.0,1,Urban,N
LP002534,Female,No,0,Not Graduate,No,4350.0,0.0,154.0,360.0,1,Rural,Y
LP002536,Male,Yes,3,Not Graduate,No,3095.0,0.0,113.0,360.0,1,Rural,Y
LP002537,Male,Yes,0,Graduate,No,2083.0,3150.0,128.0,360.0,1,Semiurban,Y
LP002541,Male,Yes,0,Graduate,No,10833.0,0.0,234.0,360.0,1,Semiurban,Y
LP002543,Male,Yes,2,Graduate,No,8333.0,0.0,246.0,360.0,1,Semiurban,Y
LP002544,Male,Yes,1,Not Graduate,No,1958.0,2436.0,131.0,360.0,1,Rural,Y
LP002545,Male,No,2,Graduate,No,3547.0,0.0,80.0,360.0,0,Rural,N
LP002547,Male,Yes,1,Graduate,No,18333.0,0.0,500.0,360.0,1,Urban,N
LP002555,Male,Yes,2,Graduate,Yes,4583.0,2083.0,160.0,360.0,1,Semiurban,Y
LP002556,Male,No,0,Graduate,No,2435.0,0.0,75.0,360.0,1,Urban,N
LP002560,Male,No,0,Not Graduate,No,2699.0,2785.0,96.0,360.0,1,Semiurban,Y
LP002562,Male,Yes,1,Not Graduate,No,5333.0,1131.0,186.0,360.0,1,Urban,Y
LP002571,Male,No,0,Not Graduate,No,3691.0,0.0,110.0,360.0,1,Rural,Y
LP002582,Female,No,0,Not Graduate,Yes,17263.0,0.0,225.0,360.0,1,Semiurban,Y
LP002585,Male,Yes,0,Graduate,No,3597.0,2157.0,119.0,360.0,0,Rural,N
LP002586,Female,Yes,1,Graduate,No,3326.0,913.0,105.0,84.0,1,Semiurban,Y
LP002587,Male,Yes,0,Not Graduate,No,2600.0,1700.0,107.0,360.0,1,Rural,Y
LP002588,Male,Yes,0,Graduate,No,4625.0,2857.0,111.0,12.0,1,Urban,Y
LP002600,Male,Yes,1,Graduate,Yes,2895.0,0.0,95.0,360.0,1,Semiurban,Y
LP002602,Male,No,0,Graduate,No,6283.0,4416.0,209.0,360.0,0,Rural,N
LP002603,Female,No,0,Graduate,No,645.0,3683.0,113.0,480.0,1,Rural,Y
LP002606,Female,No,0,Graduate,No,3159.0,0.0,100.0,360.0,1,Semiurban,Y
LP002615,Male,Yes,2,Graduate,No,4865.0,5624.0,208.0,360.0,1,Semiurban,Y
LP002618,Male,Yes,1,Not Graduate,No,4050.0,5302.0,138.0,360.0,1,Rural,N
LP002619,Male,Yes,0,Not Graduate,No,3814.0,1483.0,124.0,300.0,1,Semiurban,Y
LP002622,Male,Yes,2,Graduate,No,3510.0,4416.0,243.0,360.0,1,Rural,Y
LP002624,Male,Yes,0,Graduate,No,20833.0,6667.0,480.0,360.0,1,Urban,Y
LP002625,Male,No,0,Graduate,No,3583.0,0.0,96.0,360.0,1,Urban,N
LP002626,Male,Yes,0,Graduate,Yes,2479.0,3013.0,188.0,360.0,1,Urban,Y
LP002634,Female,No,1,Graduate,No,13262.0,0.0,40.0,360.0,1,Urban,Y
LP002637,Male,No,0,Not Graduate,No,3598.0,1287.0,100.0,360.0,1,Rural,N
LP002640,Male,Yes,1,Graduate,No,6065.0,2004.0,250.0,360.0,1,Semiurban,Y
LP002643,Male,Yes,2,Graduate,No,3283.0,2035.0,148.0,360.0,1,Urban,Y
LP002648,Male,Yes,0,Graduate,No,2130.0,6666.0,70.0,180.0,1,Semiurban,N
LP002652,Male,No,0,Graduate,No,5815.0,3666.0,311.0,360.0,1,Rural,N
LP002659,Male,Yes,3,Graduate,No,3466.0,3428.0,150.0,360.0,1,Rural,Y
LP002670,Female,Yes,2,Graduate,No,2031.0,1632.0,113.0,480.0,1,Semiurban,Y
LP002682,Male,Yes,0,Not Graduate,No,3074.0,1800.0,123.0,360.0,0,Semiurban,N
LP002683,Male,No,0,Graduate,No,4683.0,1915.0,185.0,360.0,1,Semiurban,N
LP002684,Female,No,0,Not Graduate,No,3400.0,0.0,95.0,360.0,1,Rural,N
LP002689,Male,Yes,2,Not Graduate,No,2192.0,1742.0,45.0,360.0,1,Semiurban,Y
LP002690,Male,No,0,Graduate,No,2500.0,0.0,55.0,360.0,1,Semiurban,Y
LP002692,Male,Yes,3,Graduate,Yes,5677.0,1424.0,100.0,360.0,1,Rural,Y
LP002693,Male,Yes,2,Graduate,Yes,7948.0,7166.0,480.0,360.0,1,Rural,Y
LP002697,Male,No,0,Graduate,No,4680.0,2087.0,120.0,360.0,1,Semiurban,N
LP002699,Male,Yes,2,Graduate,Yes,17500.0,0.0,400.0,360.0,1,Rural,Y
LP002705,Male,Yes,0,Graduate,No,3775.0,0.0,110.0,360.0,1,Semiurban,Y
LP002706,Male,Yes,1,Not Graduate,No,5285.0,1430.0,161.0,360.0,0,Semiurban,Y
LP002714,Male,No,1,Not Graduate,No,2679.0,1302.0,94.0,360.0,1,Semiurban,Y
LP002716,Male,No,0,Not Graduate,No,6783.0,0.0,130.0,360.0,1,Semiurban,Y
LP002717,Male,Yes,0,Graduate,No,1025.0,5500.0,216.0,360.0,1,Rural,Y
LP002720,Male,Yes,3,Graduate,No,4281.0,0.0,100.0,360.0,1,Urban,Y
LP002723,Male,No,2,Graduate,No,3588.0,0.0,110.0,360.0,0,Rural,N
LP002729,Male,No,1,Graduate,No,11250.0,0.0,196.0,360.0,1,Semiurban,N
LP002731,Female,No,0,Not Graduate,Yes,18165.0,0.0,125.0,360.0,1,Urban,Y
LP002732,Male,No,0,Not Graduate,No,2550.0,2042.0,126.0,360.0,1,Rural,Y
LP002734,Male,Yes,0,Graduate,No,6133.0,3906.0,324.0,360.0,1,Urban,Y
LP002738,Male,No,2,Graduate,No,3617.0,0.0,107.0,360.0,1,Semiurban,Y
LP002739,Male,Yes,0,Not Graduate,No,2917.0,536.0,66.0,360.0,1,Rural,N
LP002740,Male,Yes,3,Graduate,No,6417.0,0.0,157.0,180.0,1,Rural,Y
LP002741,Female,Yes,1,Graduate,No,4608.0,2845.0,140.0,180.0,1,Semiurban,Y
LP002743,Female,No,0,Graduate,No,2138.0,0.0,99.0,360.0,0,Semiurban,N
LP002753,Female,No,1,Graduate,No,3652.0,0.0,95.0,360.0,1,Semiurban,Y
LP002755,Male,Yes,1,Not Graduate,No,2239.0,2524.0,128.0,360.0,1,Urban,Y
LP002757,Female,Yes,0,Not Graduate,No,3017.0,663.0,102.0,360.0,1,Semiurban,Y
LP002767,Male,Yes,0,Graduate,No,2768.0,1950.0,155.0,360.0,1,Rural,Y
LP002768,Male,No,0,Not Graduate,No,3358.0,0.0,80.0,36.0,1,Semiurban,N
LP002772,Male,No,0,Graduate,No,2526.0,1783.0,145.0,360.0,1,Rural,Y
LP002776,Female,No,0,Graduate,No,5000.0,0.0,103.0,360.0,0,Semiurban,N
LP002777,Male,Yes,0,Graduate,No,2785.0,2016.0,110.0,360.0,1,Rural,Y
LP002778,Male,Yes,2,Graduate,Yes,6633.0,0.0,120.0,360.0,0,Rural,N
LP002784,Male,Yes,1,Not Graduate,No,2492.0,2375.0,120.0,360.0,1,Rural,Y
LP002785,Male,Yes,1,Graduate,No,3333.0,3250.0,158.0,360.0,1,Urban,Y
LP002788,Male,Yes,0,Not Graduate,No,2454.0,2333.0,181.0,360.0,0,Urban,N
LP002789,Male,Yes,0,Graduate,No,3593.0,4266.0,132.0,180.0,0,Rural,N
LP002792,Male,Yes,1,Graduate,No,5468.0,1032.0,26.0,360.0,1,Semiurban,Y
LP002794,Female,No,0,Graduate,No,2667.0,1625.0,84.0,360.0,1,Urban,Y
LP002795,Male,Yes,3,Graduate,Yes,10139.0,0.0,260.0,360.0,1,Semiurban,Y
LP002798,Male,Yes,0,Graduate,No,3887.0,2669.0,162.0,360.0,1,Semiurban,Y
LP002804,Female,Yes,0,Graduate,No,4180.0,2306.0,182.0,360.0,1,Semiurban,Y
LP002807,Male,Yes,2,Not Graduate,No,3675.0,242.0,108.0,360.0,1,Semiurban,Y
LP002813,Female,Yes,1,Graduate,Yes,19484.0,0.0,600.0,360.0,1,Semiurban,Y
LP002820,Male,Yes,0,Graduate,No,5923.0,2054.0,211.0,360.0,1,Rural,Y
LP002821,Male,No,0,Not Graduate,Yes,5800.0,0.0,132.0,360.0,1,Semiurban,Y
LP002832,Male,Yes,2,Graduate,No,8799.0,0.0,258.0,360.0,0,Urban,N
LP002833,Male,Yes,0,Not Graduate,No,4467.0,0.0,120.0,360.0,1,Rural,Y
LP002836,Male,No,0,Graduate,No,3333.0,0.0,70.0,360.0,1,Urban,Y
LP002837,Male,Yes,3,Graduate,No,3400.0,2500.0,123.0,360.0,0,Rural,N
LP002840,Female,No,0,Graduate,No,2378.0,0.0,9.0,360.0,1,Urban,N
LP002841,Male,Yes,0,Graduate,No,3166.0,2064.0,104.0,360.0,0,Urban,N
LP002842,Male,Yes,1,Graduate,No,3417.0,1750.0,186.0,360.0,1,Urban,Y
LP002847,Male,Yes,0,Graduate,No,5116.0,1451.0,165.0,360.0,0,Urban,N
LP002855,Male,Yes,2,Graduate,No,16666.0,0.0,275.0,360.0,1,Urban,Y
LP002862,Male,Yes,2,Not Graduate,No,6125.0,1625.0,187.0,480.0,1,Semiurban,N
LP002863,Male,Yes,3,Graduate,No,6406.0,0.0,150.0,360.0,1,Semiurban,N
LP002868,Male,Yes,2,Graduate,No,3159.0,461.0,108.0,84.0,1,Urban,Y
LP002872,Male,Yes,0,Graduate,No,3087.0,2210.0,136.0,360.0,0,Semiurban,N
LP002874,Male,No,0,Graduate,No,3229.0,2739.0,110.0,360.0,1,Urban,Y
LP002877,Male,Yes,1,Graduate,No,1782.0,2232.0,107.0,360.0,1,Rural,Y
LP002888,Male,No,0,Graduate,No,3182.0,2917.0,161.0,360.0,1,Urban,Y
LP002892,Male,Yes,2,Graduate,No,6540.0,0.0,205.0,360.0,1,Semiurban,Y
LP002893,Male,No,0,Graduate,No,1836.0,33837.0,90.0,360.0,1,Urban,N
LP002894,Female,Yes,0,Graduate,No,3166.0,0.0,36.0,360.0,1,Semiurban,Y
LP002898,Male,Yes,1,Graduate,No,1880.0,0.0,61.0,360.0,1,Rural,N
LP002911,Male,Yes,1,Graduate,No,2787.0,1917.0,146.0,360.0,0,Rural,N
LP002912,Male,Yes,1,Graduate,No,4283.0,3000.0,172.0,84.0,1,Rural,N
LP002916,Male,Yes,0,Graduate,No,2297.0,1522.0,104.0,360.0,1,Urban,Y
LP002917,Female,No,0,Not Graduate,No,2165.0,0.0,70.0,360.0,1,Semiurban,Y
LP002925,Male,No,0,Graduate,No,4750.0,0.0,94.0,360.0,1,Semiurban,Y
LP002926,Male,Yes,2,Graduate,Yes,2726.0,0.0,106.0,360.0,0,Semiurban,N
LP002928,Male,Yes,0,Graduate,No,3000.0,3416.0,56.0,180.0,1,Semiurban,Y
LP002931,Male,Yes,2,Graduate,Yes,6000.0,0.0,205.0,240.0,1,Semiurban,N
LP002933,Male,No,3,Graduate,Yes,9357.0,0.0,292.0,360.0,1,Semiurban,Y
LP002936,Male,Yes,0,Graduate,No,3859.0,3300.0,142.0,180.0,1,Rural,Y
LP002938,Male,Yes,0,Graduate,Yes,16120.0,0.0,260.0,360.0,1,Urban,Y
LP002940,Male,No,0,Not Graduate,No,3833.0,0.0,110.0,360.0,1,Rural,Y
LP002941,Male,Yes,2,Not Graduate,Yes,6383.0,1000.0,187.0,360.0,1,Rural,N
LP002943,Male,No,0,Graduate,No,2987.0,0.0,88.0,360.0,0,Semiurban,N
LP002945,Male,Yes,0,Graduate,Yes,9963.0,0.0,180.0,360.0,1,Rural,Y
LP002948,Male,Yes,2,Graduate,No,5780.0,0.0,192.0,360.0,1,Urban,Y
LP002949,Female,No,3,Graduate,No,416.0,41667.0,350.0,180.0,1,Urban,N
LP002950,Male,Yes,0,Not Graduate,No,2894.0,2792.0,155.0,360.0,1,Rural,Y
LP002953,Male,Yes,3,Graduate,No,5703.0,0.0,128.0,360.0,1,Urban,Y
LP002958,Male,No,0,Graduate,No,3676.0,4301.0,172.0,360.0,1,Rural,Y
LP002959,Female,Yes,1,Graduate,No,12000.0,0.0,496.0,360.0,1,Semiurban,Y
LP002960,Male,Yes,0,Not Graduate,No,2400.0,3800.0,120.0,180.0,1,Urban,N
LP002961,Male,Yes,1,Graduate,No,3400.0,2500.0,173.0,360.0,1,Semiurban,Y
LP002964,Male,Yes,2,Not Graduate,No,3987.0,1411.0,157.0,360.0,1,Rural,Y
LP002974,Male,Yes,0,Graduate,No,3232.0,1950.0,108.0,360.0,1,Rural,Y
LP002978,Female,No,0,Graduate,No,2900.0,0.0,71.0,360.0,1,Rural,Y
LP002979,Male,Yes,3,Graduate,No,4106.0,0.0,40.0,180.0,1,Rural,Y
LP002983,Male,Yes,1,Graduate,No,8072.0,240.0,253.0,360.0,1,Urban,Y
LP002984,Male,Yes,2,Graduate,No,7583.0,0.0,187.0,360.0,1,Urban,Y
LP002990,Female,No,0,Graduate,Yes,4583.0,0.0,133.0,360.0,0,Semiurban,N
LP003002,Male,Yes,0,Not Graduate,Yes,8295.0,6148.0,330.0,360.0,0,Urban,Y
LP003002,Female,Yes,2,Graduate,No,13525.0,6635.0,217.0,180.0,0,Urban,Y
LP003020,Female,Yes,2,Not Graduate,No,8814.0,5830.0,492.0,180.0,0,Urban,N
LP003028,Female,No,2,Graduate,No,1940.0,9321.0,303.0,360.0,0,Urban,N
LP003029,Female,Yes,0,Graduate,Yes,17556.0,9346.0,298.0,180.0,0,Semiurban,Y
LP003029,Male,Yes,0,Graduate,Yes,6451.0,3274.0,353.0,240.0,1,Semiurban,N
LP003037,Male,Yes,1,Not Graduate,No,12961.0,4864.0,448.0,240.0,0,Rural,N
LP003052,Female,Yes,0,Graduate,Yes,7517.0,9090.0,356.0,240.0,0,Urban,Y
LP003055,Female,No,3,Not Graduate,No,7589.0,4738.0,394.0,240.0,1,Urban,N
LP003062,Male,No,2,Graduate,Yes,14680.0,3272.0,237.0,360.0,0,Urban,Y
LP003067,Male,No,0,Graduate,Yes,9735.0,2319.0,147.0,360.0,1,Semiurban,Y
LP003082,Female,No,0,Not Graduate,Yes,12844.0,4667.0,42.0,240.0,1,Semiurban,N
LP003084,Male,Yes,0,Not Graduate,No,13239.0,1989.0,453.0,360.0,0,Urban,Y
LP003089,Male,Yes,1,Graduate,Yes,5196.0,9698.0,446.0,180.0,1,Urban,Y
LP003093,Male,Yes,1,Graduate,No,18483.0,4698.0,169.0,180.0,0,Semiurban,Y
LP003098,Female,No,2,Graduate,No,12906.0,2791.0,123.0,360.0,0,Semiurban,N
LP003099,Female,Yes,1,Not Graduate,Yes,7657.0,924.0,142.0,180.0,0,Semiurban,Y
LP003103,Male,No,2,Not Graduate,No,9952.0,8631.0,458.0,360.0,1,Urban,Y
LP003103,Female,No,2,Not Graduate,Yes,15868.0,5843.0,245.0,180.0,0,Urban,Y
LP003104,Male,Yes,3,Graduate,Yes,2111.0,3009.0,76.0,180.0,0,Rural,Y
LP003108,Male,No,2,Not Graduate,Yes,5526.0,7794.0,106.0,240.0,1,Urban,Y
LP003133,Female,Yes,0,Not Graduate,Yes,9017.0,6281.0,293.0,360.0,1,Urban,N
LP003135,Female,No,0,Not Graduate,No,3548.0,1366.0,482.0,180.0,1,Semiurban,N
LP003137,Male,Yes,2,Graduate,Yes,8139.0,3494.0,483.0,180.0,1,Urban,N
LP003139,Male,No,2,Not Graduate,Yes,7550.0,6443.0,20.0,360.0,1,Semiurban,N
LP003139,Female,No,3,Graduate,No,10904.0,9023.0,334.0,180.0,0,Urban,Y
LP003140,Female,No,3,Not Graduate,No,8577.0,5707.0,445.0,240.0,1,Urban,N
LP003143,Female,Yes,0,Not Graduate,Yes,12972.0,909.0,173.0,360.0,1,Rural,Y
LP003146,Male,Yes,3,Not Graduate,Yes,11090.0,6451.0,139.0,180.0,0,Urban,N
LP003148,Female,Yes,0,Not Graduate,No,17914.0,4563.0,98.0,180.0,1,Semiurban,Y
LP003152,Female,Yes,3,Not Graduate,No,9208.0,852.0,429.0,180.0,0,Rural,N
LP003164,Male,No,3,Not Graduate,Yes,9482.0,4375.0,124.0,180.0,1,Semiurban,Y
LP003172,Female,Yes,1,Graduate,Yes,18323.0,8376.0,186.0,360.0,0,Semiurban,Y
LP003180,Male,No,2,Graduate,Yes,7840.0,1930.0,486.0,240.0,0,Semiurban,N
LP003191,Female,Yes,1,Graduate,Yes,18660.0,9787.0,157.0,240.0,0,Rural,Y
LP003203,Female,Yes,2,Not Graduate,No,8669.0,5131.0,243.0,180.0,1,Semiurban,Y
LP003233,Female,Yes,2,Not Graduate,Yes,7900.0,9805.0,99.0,240.0,0,Urban,N
LP003244,Male,No,0,Graduate,Yes,12191.0,2431.0,405.0,360.0,1,Semiurban,Y
LP003246,Female,Yes,2,Graduate,No,19282.0,8621.0,489.0,360.0,0,Urban,N
LP003269,Male,Yes,0,Graduate,Yes,8063.0,4017.0,155.0,360.0,1,Rural,Y
LP003270,Female,No,3,Not Graduate,Yes,19403.0,4106.0,370.0,360.0,0,Urban,Y
LP003275,Female,No,1,Graduate,Yes,11600.0,9034.0,217.0,360.0,0,Urban,Y
LP003281,Male,Yes,2,Graduate,Yes,6306.0,7736.0,374.0,240.0,0,Rural,N
LP003289,Male,Yes,3,Not Graduate,No,19272.0,102.0,60.0,360.0,1,Semiurban,N
LP003290,Female,No,3,Graduate,Yes,14187.0,8008.0,71.0,240.0,0,Rural,Y
LP003297,Male,Yes,3,Not Graduate,No,17413.0,5002.0,442.0,240.0,0,Rural,Y
LP003301,Female,No,1,Graduate,No,15540.0,4550.0,273.0,360.0,1,Semiurban,Y
LP003306,Male,Yes,2,Not Graduate,No,11581.0,7578.0,178.0,180.0,0,Rural,N
LP003314,Female,No,1,Not Graduate,No,8414.0,6569.0,127.0,360.0,0,Urban,N
LP003323,Female,No,1,Not Graduate,Yes,10310.0,272.0,463.0,240.0,1,Urban,N
LP003327,Female,Yes,3,Not Graduate,No,4863.0,2581.0,186.0,180.0,0,Urban,N
LP003339,Female,No,2,Not Graduate,No,2711.0,2092.0,118.0,180.0,1,Urban,Y
LP003339,Male,No,1,Not Graduate,No,1735.0,9045.0,193.0,360.0,0,Rural,N
LP003346,Female,Yes,2,Graduate,No,10001.0,2074.0,385.0,180.0,1,Urban,Y
LP003366,Female,No,0,Graduate,Yes,5794.0,5020.0,23.0,180.0,1,Urban,N
LP003367,Female,Yes,3,Not Graduate,No,18854.0,5287.0,32.0,240.0,1,Rural,Y
LP003369,Female,Yes,3,Not Graduate,No,17011.0,1891.0,266.0,240.0,0,Urban,N
LP003371,Female,No,2,Not Graduate,Yes,6317.0,9945.0,394.0,240.0,0,Urban,Y
LP003377,Male,Yes,2,Not Graduate,No,14605.0,4423.0,127.0,240.0,0,Rural,Y
LP003395,Male,Yes,1,Not Graduate,No,18477.0,5295.0,64.0,240.0,1,Rural,Y
LP003397,Female,Yes,3,Graduate,Yes,6533.0,238.0,236.0,360.0,1,Rural,N
LP003413,Male,Yes,3,Graduate,No,17790.0,5799.0,240.0,360.0,1,Urban,Y
LP003417,Female,Yes,1,Not Graduate,Yes,8003.0,1619.0,375.0,240.0,1,Rural,Y
LP003429,Male,No,2,Graduate,Yes,10258.0,8853.0,208.0,360.0,1,Rural,Y
LP003431,Female,Yes,0,Graduate,Yes,5621.0,9634.0,83.0,360.0,1,Urban,N
LP003435,Female,Yes,3,Not Graduate,No,12045.0,7182.0,173.0,180.0,0,Urban,Y
LP003435,Male,No,2,Not Graduate,Yes,16644.0,7507.0,69.0,360.0,1,Urban,N
LP003438,Female,No,1,Not Graduate,Yes,19357.0,9563.0,122.0,360.0,1,Rural,Y
LP003441,Male,No,0,Graduate,No,11216.0,6590.0,197.0,180.0,1,Rural,Y
LP003443,Male,No,2,Graduate,Yes,17134.0,6351.0,372.0,240.0,1,Semiurban,N
LP003461,Female,Yes,0,Graduate,Yes,18067.0,8280.0,215.0,180.0,0,Urban,Y
LP003461,Male,No,3,Graduate,No,5952.0,5349.0,230.0,180.0,1,Rural,Y
LP003467,Male,Yes,3,Not Graduate,No,6569.0,8325.0,363.0,180.0,1,Rural,N
LP003472,Male,No,1,Graduate,Yes,3716.0,3058.0,357.0,180.0,0,Semiurban,N
LP003478,Female,No,3,Not Graduate,No,7522.0,3786.0,450.0,180.0,0,Semiurban,N
LP003482,Female,No,1,Graduate,Yes,9561.0,4589.0,408.0,240.0,0,Rural,Y
LP003484,Male,Yes,3,Not Graduate,Yes,10691.0,3786.0,275.0,180.0,0,Semiurban,N
LP003487,Female,Yes,0,Graduate,No,7503.0,2449.0,491.0,240.0,0,Semiurban,N
LP003505,Female,No,3,Graduate,No,9160.0,7723.0,70.0,240.0,0,Rural,N
LP003507,Female,Yes,1,Not Graduate,Yes,4785.0,2146.0,65.0,240.0,0,Urban,Y
LP003520,Male,Yes,1,Graduate,No,12206.0,7149.0,478.0,240.0,1,Rural,Y
LP003552,Male,Yes,0,Not Graduate,No,7190.0,4758.0,153.0,360.0,0,Rural,N
LP003553,Female,Yes,2,Graduate,Yes,8587.0,6062.0,235.0,240.0,0,Semiurban,Y
LP003554,Male,No,3,Not Graduate,Yes,2912.0,1531.0,181.0,360.0,1,Semiurban,N
LP003556,Male,No,0,Not Graduate,No,15635.0,3520.0,34.0,360.0,1,Rural,N
LP003570,Female,Yes,2,Graduate,Yes,8800.0,708.0,214.0,240.0,0,Urban,N
LP003573,Male,Yes,2,Graduate,Yes,8253.0,8537.0,141.0,180.0,1,Urban,Y
LP003578,Female,No,0,Graduate,No,18666.0,3622.0,404.0,240.0,0,Urban,Y
LP003580,Female,Yes,3,Not Graduate,Yes,8861.0,9111.0,283.0,180.0,1,Rural,N
LP003609,Male,No,3,Not Graduate,No,18866.0,8438.0,227.0,360.0,1,Rural,N
LP003618,Female,No,1,Not Graduate,No,2500.0,3643.0,372.0,360.0,0,Urban,N
LP003618,Male,Yes,3,Not Graduate,No,17589.0,7085.0,435.0,360.0,1,Urban,N
LP003624,Male,No,2,Graduate,No,3335.0,9173.0,476.0,180.0,0,Urban,Y
LP003624,Male,Yes,3,Graduate,No,16446.0,6201.0,26.0,180.0,1,Rural,Y
LP003628,Male,Yes,0,Not Graduate,Yes,8626.0,9797.0,212.0,240.0,0,Urban,N
LP003632,Female,Yes,2,Not Graduate,No,8396.0,1650.0,226.0,240.0,1,Urban,Y
LP003632,Male,Yes,2,Graduate,No,16830.0,8565.0,228.0,180.0,0,Semiurban,N
LP003634,Male,No,1,Not Graduate,No,8738.0,1344.0,163.0,180.0,1,Semiurban,Y
LP003634,Male,Yes,0,Graduate,Yes,5210.0,2782.0,323.0,360.0,0,Rural,Y
LP003636,Female,No,2,Not Graduate,No,9559.0,4504.0,56.0,180.0,0,Semiurban,Y
LP003658,Male,Yes,3,Not Graduate,Yes,17867.0,1978.0,465.0,240.0,0,Rural,N
LP003662,Male,Yes,1,Graduate,No,9614.0,8965.0,388.0,180.0,1,Semiurban,N
LP003671,Male,Yes,3,Graduate,Yes,10558.0,9172.0,180.0,240.0,0,Urban,Y
LP003681,Male,Yes,0,Not Graduate,Yes,11175.0,2033.0,308.0,240.0,1,Urban,N
LP003699,Male,No,2,Not Graduate,No,18849.0,904.0,381.0,360.0,1,Rural,N
LP003702,Female,No,0,Graduate,No,4870.0,1361.0,90.0,240.0,1,Rural,N
LP003706,Male,No,3,Not Graduate,Yes,14690.0,3983.0,186.0,180.0,0,Semiurban,N
LP003714,Female,No,2,Graduate,No,14829.0,3972.0,211.0,240.0,0,Rural,N
LP003716,Female,Yes,3,Not Graduate,Yes,3776.0,357.0,318.0,360.0,1,Rural,Y
LP003725,Male,Yes,0,Graduate,No,5676.0,9110.0,349.0,240.0,1,Semiurban,N
LP003725,Male,No,0,Graduate,Yes,8420.0,1983.0,43.0,360.0,0,Semiurban,Y
LP003726,Male,Yes,3,Not Graduate,Yes,12502.0,7154.0,192.0,360.0,0,Rural,N
LP003729,Male,Yes,0,Not Graduate,Yes,14513.0,3803.0,325.0,360.0,0,Rural,Y
LP003731,Female,Yes,2,Graduate,No,18765.0,6218.0,345.0,240.0,1,Urban,N
LP003732,Male,No,0,Not Graduate,No,2827.0,9682.0,196.0,240.0,1,Rural,N
LP003737,Female,No,0,Not Graduate,No,5944.0,7025.0,201.0,240.0,1,Urban,N
LP003738,Male,No,3,Graduate,Yes,12835.0,5651.0,119.0,360.0,0,Urban,N
LP003740,Male,No,2,Graduate,No,15679.0,21.0,81.0,360.0,1,Rural,N
LP003746,Female,Yes,0,Graduate,No,17179.0,2726.0,214.0,180.0,1,Rural,N
LP003759,Female,No,3,Not Graduate,No,6817.0,5346.0,152.0,180.0,0,Urban,Y
LP003763,Male,Yes,3,Graduate,No,13778.0,8141.0,282.0,180.0,0,Semiurban,N
LP003763,Male,No,2,Not Graduate,No,2094.0,3404.0,296.0,360.0,0,Urban,N
LP003774,Female,Yes,2,Graduate,Yes,17373.0,2733.0,224.0,240.0,0,Semiurban,N
LP003788,Male,No,0,Not Graduate,No,3130.0,162.0,499.0,180.0,1,Rural,N
LP003797,Male,No,0,Not Graduate,No,14870.0,4071.0,54.0,360.0,1,Urban,Y
LP003799,Male,No,1,Not Graduate,Yes,16975.0,1395.0,417.0,360.0,1,Semiurban,Y
LP003801,Female,No,0,Graduate,Yes,14326.0,7881.0,212.0,240.0,1,Urban,N
LP003805,Female,Yes,2,Not Graduate,Yes,12688.0,1454.0,391.0,360.0,0,Rural,Y
LP003828,Male,No,1,Not Graduate,No,19917.0,7017.0,487.0,240.0,1,Rural,N
LP003833,Male,No,2,Graduate,No,18201.0,8888.0,454.0,240.0,0,Urban,N
LP003834,Female,Yes,0,Graduate,No,9643.0,3017.0,396.0,180.0,0,Semiurban,Y
LP003842,Male,Yes,2,Graduate,Yes,4865.0,5001.0,272.0,180.0,0,Urban,Y
LP003843,Female,Yes,3,Not Graduate,No,17510.0,750.0,436.0,240.0,1,Urban,N
LP003843,Male,Yes,3,Not Graduate,No,12834.0,7868.0,495.0,360.0,0,Urban,Y
LP003845,Female,Yes,0,Not Graduate,No,9499.0,2519.0,382.0,360.0,1,Rural,N
LP003857,Male,Yes,1,Not Graduate,No,17838.0,937.0,444.0,360.0,1,Urban,N
LP003866,Female,Yes,3,Not Graduate,No,1871.0,5882.0,21.0,180.0,0,Semiurban,Y
LP003876,Male,No,3,Not Graduate,No,2707.0,9116.0,432.0,180.0,0,Rural,N
LP003878,Male,Yes,0,Graduate,No,17807.0,6890.0,233.0,180.0,1,Rural,Y
LP003895,Female,No,2,Graduate,No,15205.0,7491.0,479.0,240.0,1,Semiurban,Y
LP003918,Female,Yes,0,Not Graduate,Yes,3714.0,4736.0,351.0,240.0,1,Urban,N
LP003939,Male,Yes,2,Graduate,No,7645.0,2100.0,54.0,360.0,1,Urban,Y
LP003941,Male,No,3,Graduate,No,16162.0,6699.0,394.0,240.0,1,Rural,N
LP003948,Male,Yes,0,Graduate,No,5980.0,7860.0,252.0,240.0,1,Semiurban,N
LP003958,Female,Yes,3,Not Graduate,Yes,18899.0,4119.0,370.0,240.0,1,Semiurban,Y
LP003970,Female,Yes,1,Graduate,No,15662.0,8563.0,429.0,180.0,1,Rural,Y
LP003991,Female,Yes,3,Not Graduate,No,14043.0,1434.0,358.0,240.0,0,Urban,Y
LP003999,Male,Yes,2,Graduate,No,3637.0,320.0,242.0,180.0,1,Rural,N
LP004004,Male,Yes,1,Graduate,Yes,13409.0,6803.0,67.0,180.0,1,Rural,Y
LP004009,Female,No,2,Not Graduate,No,2217.0,196.0,419.0,240.0,1,Rural,Y
LP004010,Female,Yes,0,Not Graduate,Yes,15911.0,5039.0,290.0,240.0,0,Urban,N
LP004011,Female,Yes,0,Not Graduate,No,2006.0,8633.0,299.0,240.0,1,Rural,Y
LP004012,Male,No,2,Graduate,No,16838.0,3121.0,383.0,240.0,0,Rural,N
LP004014,Male,Yes,0,Graduate,Yes,3325.0,5744.0,468.0,240.0,0,Urban,N
LP004023,Female,No,3,Not Graduate,No,7646.0,7087.0,73.0,360.0,0,Rural,Y
LP004024,Male,Yes,0,Graduate,Yes,19944.0,9840.0,403.0,360.0,0,Rural,Y
LP004025,Female,No,1,Not Graduate,No,18178.0,1691.0,253.0,240.0,1,Urban,Y
LP004030,Male,Yes,0,Not Graduate,No,12308.0,5434.0,384.0,360.0,1,Urban,Y
LP004031,Female,No,3,Graduate,No,17772.0,9249.0,298.0,360.0,0,Rural,N
LP004042,Female,No,1,Graduate,No,5759.0,3064.0,195.0,180.0,1,Rural,Y
LP004045,Male,Yes,3,Graduate,Yes,4759.0,8791.0,114.0,180.0,0,Urban,N
LP004053,Female,Yes,3,Graduate,No,4500.0,1919.0,53.0,180.0,1,Rural,Y
LP004056,Female,Yes,1,Not Graduate,No,11127.0,1013.0,185.0,240.0,1,Urban,Y
LP004062,Male,Yes,0,Not Graduate,No,11280.0,5702.0,479.0,360.0,1,Urban,N
LP004066,Female,No,1,Graduate,Yes,1866.0,1817.0,197.0,180.0,0,Urban,Y
LP004069,Male,Yes,3,Graduate,No,13831.0,3486.0,171.0,240.0,0,Semiurban,Y
LP004071,Female,No,0,Not Graduate,Yes,5887.0,8562.0,417.0,360.0,0,Semiurban,Y
LP004077,Male,No,3,Graduate,No,12566.0,4606.0,424.0,240.0,0,Urban,N
LP004081,Female,Yes,1,Not Graduate,Yes,8667.0,6213.0,234.0,180.0,1,Urban,N
LP004087,Male,Yes,2,Not Graduate,Yes,13253.0,903.0,25.0,180.0,1,Rural,N
LP004092,Female,Yes,0,Graduate,No,2876.0,7196.0,145.0,240.0,1,Semiurban,N
LP004121,Male,No,1,Not Graduate,Yes,6358.0,9952.0,275.0,360.0,0,Semiurban,N
LP004127,Male,No,1,Not Graduate,Yes,3727.0,6585.0,159.0,360.0,1,Urban,N
LP004130,Male,No,2,Graduate,Yes,2358.0,5955.0,288.0,180.0,1,Urban,Y
LP004133,Female,No,1,Not Graduate,Yes,5092.0,8018.0,186.0,180.0,1,Rural,N
LP004144,Male,Yes,1,Not Graduate,No,17760.0,5520.0,243.0,360.0,0,Urban,Y
LP004146,Female,Yes,2,Not Graduate,Yes,18460.0,5145.0,405.0,180.0,1,Rural,Y
LP004158,Male,No,2,Graduate,Yes,15865.0,2310.0,38.0,240.0,0,Urban,Y
LP004169,Female,No,1,Graduate,No,12805.0,8067.0,363.0,180.0,1,Urban,N
LP004170,Male,Yes,2,Not Graduate,Yes,14358.0,4484.0,33.0,360.0,0,Semiurban,N
LP004176,Male,No,0,Graduate,Yes,6511.0,4730.0,380.0,180.0,1,Semiurban,Y
LP004187,Male,No,2,Not Graduate,No,13337.0,2972.0,77.0,180.0,1,Semiurban,Y
LP004199,Female,No,0,Not Graduate,Yes,10223.0,5414.0,426.0,240.0,1,Rural,N
LP004211,Male,No,1,Not Graduate,No,10570.0,6062.0,192.0,360.0,0,Rural,Y
LP004212,Female,Yes,0,Not Graduate,Yes,14220.0,7714.0,84.0,360.0,1,Urban,Y
LP004222,Male,No,2,Graduate,No,3317.0,6471.0,325.0,360.0,0,Urban,Y
LP004240,Female,Yes,1,Graduate,No,13708.0,1733.0,431.0,360.0,0,Semiurban,Y
LP004256,Male,No,1,Graduate,Yes,10682.0,2980.0,111.0,240.0,1,Rural,Y
LP004257,Female,Yes,3,Not Graduate,Yes,11342.0,1921.0,345.0,360.0,0,Rural,N
LP004273,Female,No,0,Graduate,No,6344.0,2992.0,484.0,240.0,1,Rural,N
LP004281,Female,Yes,1,Not Graduate,No,17448.0,6897.0,228.0,360.0,0,Rural,Y
LP004298,Female,No,0,Graduate,Yes,8660.0,2121.0,259.0,240.0,0,Semiurban,N
LP004307,Male,Yes,1,Not Graduate,Yes,4942.0,6064.0,237.0,360.0,0,Rural,N
LP004310,Male,Yes,0,Not Graduate,No,4392.0,1193.0,425.0,180.0,0,Rural,N
LP004313,Male,Yes,2,Graduate,Yes,8973.0,1019.0,457.0,180.0,0,Rural,Y
LP004321,Male,No,1,Graduate,No,14503.0,2336.0,261.0,360.0,0,Urban,N
LP004357,Male,No,1,Not Graduate,Yes,12256.0,317.0,116.0,360.0,1,Urban,N
LP004358,Female,Yes,0,Not Graduate,Yes,19097.0,8234.0,121.0,180.0,0,Rural,N
LP004358,Male,Yes,1,Not Graduate,Yes,6235.0,7656.0,457.0,240.0,0,Urban,Y
LP004365,Male,No,3,Graduate,No,12898.0,9561.0,149.0,180.0,0,Rural,N
LP004370,Female,No,0,Graduate,No,13922.0,9523.0,430.0,240.0,1,Urban,N
LP004372,Male,Yes,0,Not Graduate,Yes,9747.0,6430.0,404.0,360.0,1,Urban,Y
LP004377,Female,Yes,1,Graduate,No,8396.0,9561.0,27.0,360.0,1,Rural,Y
LP004386,Male,No,0,Graduate,Yes,2887.0,3170.0,105.0,360.0,1,Rural,Y
LP004399,Male,Yes,1,Not Graduate,No,18691.0,5591.0,228.0,180.0,1,Urban,Y
LP004407,Male,No,1,Graduate,No,6407.0,6570.0,288.0,360.0,1,Rural,N
LP004431,Female,Yes,0,Not Graduate,No,19070.0,7244.0,154.0,240.0,1,Rural,N
LP004444,Female,Yes,3,Graduate,Yes,9048.0,1442.0,236.0,180.0,0,Urban,N
LP004449,Male,Yes,0,Graduate,Yes,18767.0,726.0,151.0,180.0,1,Urban,N
LP004452,Male,No,3,Not Graduate,Yes,5989.0,1724.0,415.0,240.0,0,Urban,N
LP004459,Female,Yes,3,Graduate,No,13479.0,258.0,37.0,180.0,1,Urban,N
LP004475,Female,Yes,0,Graduate,No,18436.0,1522.0,48.0,360.0,0,Semiurban,N
LP004481,Male,No,1,Not Graduate,No,12397.0,710.0,218.0,180.0,0,Semiurban,N
LP004483,Male,Yes,0,Graduate,Yes,14201.0,8128.0,251.0,360.0,1,Semiurban,N
LP004492,Female,No,3,Graduate,Yes,19627.0,5181.0,260.0,360.0,0,Semiurban,N
LP004500,Female,Yes,0,Graduate,No,9655.0,5322.0,360.0,180.0,0,Rural,Y
LP004500,Female,Yes,2,Graduate,No,13669.0,5941.0,473.0,360.0,1,Rural,N
LP004512,Female,No,3,Not Graduate,No,16571.0,445.0,295.0,240.0,1,Semiurban,Y
LP004529,Female,No,0,Not Graduate,Yes,2528.0,6040.0,86.0,360.0,0,Urban,Y
LP004539,Male,Yes,3,Graduate,Yes,8526.0,6835.0,285.0,360.0,1,Urban,Y
LP004540,Male,Yes,3,Not Graduate,No,8964.0,997.0,456.0,360.0,0,Rural,Y
LP004543,Female,Yes,3,Not Graduate,Yes,10960.0,9690.0,451.0,180.0,1,Semiurban,Y
LP004546,Female,Yes,1,Not Graduate,No,8375.0,9528.0,186.0,360.0,1,Semiurban,N
LP004550,Female,No,0,Graduate,Yes,3264.0,546.0,319.0,180.0,1,Urban,Y
LP004552,Male,Yes,2,Graduate,Yes,17347.0,9538.0,444.0,240.0,1,Urban,Y
LP004558,Male,Yes,0,Not Graduate,No,14968.0,7174.0,341.0,240.0,1,Semiurban,Y
LP004568,Female,Yes,2,Graduate,Yes,18468.0,6867.0,459.0,360.0,0,Rural,N
LP004577,Female,Yes,2,Graduate,Yes,7367.0,3649.0,464.0,240.0,0,Semiurban,Y
LP004583,Male,Yes,3,Graduate,No,18871.0,7387.0,380.0,180.0,0,Rural,Y
LP004594,Male,Yes,1,Graduate,No,19719.0,8316.0,411.0,180.0,0,Urban,N
LP004595,Male,Yes,2,Not Graduate,No,10888.0,5559.0,236.0,240.0,0,Urban,N
LP004599,Male,Yes,0,Not Graduate,Yes,11168.0,4872.0,164.0,240.0,0,Semiurban,Y
LP004600,Male,No,2,Graduate,Yes,18260.0,5087.0,50.0,240.0,1,Urban,Y
LP004602,Female,Yes,1,Not Graduate,No,2841.0,5693.0,312.0,240.0,1,Urban,N
LP004616,Male,Yes,2,Not Graduate,No,5463.0,4780.0,360.0,240.0,1,Semiurban,N
LP004619,Male,No,1,Not Graduate,Yes,16973.0,2815.0,177.0,180.0,0,Rural,N
LP004635,Female,No,1,Not Graduate,Yes,7726.0,4213.0,90.0,240.0,0,Rural,Y
LP004636,Male,Yes,2,Not Graduate,No,17323.0,910.0,218.0,360.0,0,Semiurban,N
LP004653,Male,Yes,3,Not Graduate,No,3593.0,5989.0,336.0,360.0,1,Rural,N
LP004654,Female,No,3,Graduate,No,14153.0,8058.0,421.0,240.0,0,Rural,N
LP004656,Female,No,3,Not Graduate,No,11013.0,6215.0,43.0,360.0,0,Urban,N
LP004659,Female,Yes,1,Not Graduate,Yes,3622.0,6299.0,39.0,180.0,1,Rural,Y
LP004667,Female,No,1,Graduate,No,17995.0,7153.0,104.0,360.0,1,Rural,Y
LP004667,Female,Yes,0,Graduate,No,9876.0,4467.0,46.0,360.0,1,Rural,N
LP004673,Female,Yes,1,Not Graduate,No,19744.0,2455.0,235.0,360.0,0,Semiurban,Y
LP004680,Female,No,1,Graduate,Yes,7334.0,8415.0,199.0,240.0,0,Semiurban,N
LP004681,Male,Yes,0,Not Graduate,Yes,14140.0,7187.0,387.0,360.0,1,Urban,Y
LP004685,Female,Yes,2,Graduate,Yes,14478.0,4472.0,142.0,180.0,0,Urban,Y
LP004685,Female,Yes,3,Not Graduate,No,8635.0,7968.0,438.0,240.0,1,Semiurban,N
LP004691,Male,Yes,0,Not Graduate,Yes,1873.0,9664.0,426.0,180.0,0,Urban,N
LP004695,Male,No,3,Graduate,Yes,3186.0,2961.0,133.0,180.0,1,Semiurban,Y
LP004702,Male,Yes,0,Graduate,No,9669.0,4545.0,271.0,180.0,0,Rural,Y
LP004702,Male,No,0,Graduate,No,4891.0,5403.0,130.0,240.0,1,Semiurban,N
LP004707,Male,No,2,Graduate,No,18620.0,2705.0,389.0,360.0,0,Urban,N
LP004714,Male,No,1,Graduate,No,14991.0,9874.0,391.0,240.0,0,Semiurban,N
LP004719,Male,Yes,0,Not Graduate,No,16432.0,6446.0,63.0,240.0,1,Urban,Y
LP004720,Male,No,3,Not Graduate,No,2930.0,4386.0,69.0,180.0,0,Rural,Y
LP004723,Male,No,2,Not Graduate,No,11044.0,4995.0,483.0,240.0,1,Semiurban,Y
LP004733,Male,No,1,Not Graduate,No,2862.0,4791.0,464.0,240.0,1,Rural,N
LP004737,Male,No,2,Not Graduate,No,15180.0,2586.0,422.0,360.0,1,Semiurban,N
LP004737,Male,No,0,Not Graduate,No,19120.0,4784.0,491.0,240.0,1,Urban,N
LP004738,Male,Yes,0,Graduate,Yes,2754.0,6565.0,47.0,240.0,0,Rural,N
LP004748,Female,No,0,Not Graduate,Yes,14976.0,2485.0,289.0,240.0,0,Urban,Y
LP004763,Male,Yes,1,Not Graduate,No,2456.0,2047.0,277.0,180.0,0,Semiurban,Y
LP004776,Female,Yes,3,Not Graduate,Yes,13389.0,6974.0,405.0,240.0,0,Semiurban,Y
LP004777,Male,No,1,Graduate,No,8473.0,3960.0,466.0,180.0,0,Urban,N
LP004809,Female,Yes,2,Graduate,No,8260.0,4100.0,247.0,180.0,0,Urban,N
LP004820,Female,Yes,3,Graduate,No,7543.0,2760.0,419.0,180.0,1,Rural,Y
LP004823,Female,No,1,Not Graduate,No,12156.0,2061.0,79.0,360.0,0,Rural,Y
LP004824,Female,Yes,1,Not Graduate,No,7444.0,1546.0,282.0,240.0,0,Rural,Y
LP004830,Male,No,0,Not Graduate,Yes,6816.0,4925.0,80.0,240.0,0,Rural,N
LP004833,Female,Yes,3,Graduate,Yes,6915.0,4992.0,21.0,180.0,1,Semiurban,Y
LP004836,Female,Yes,1,Graduate,Yes,14371.0,118.0,359.0,180.0,0,Semiurban,N
LP004847,Female,No,2,Not Graduate,Yes,4481.0,4717.0,361.0,360.0,1,Urban,N
LP004855,Female,Yes,0,Not Graduate,No,7150.0,8285.0,75.0,240.0,1,Semiurban,Y
LP004863,Male,No,3,Not Graduate,Yes,19076.0,1833.0,231.0,180.0,1,Rural,Y
LP004866,Female,No,0,Not Graduate,No,19125.0,268.0,378.0,180.0,1,Semiurban,N
LP004868,Female,No,1,Graduate,No,8953.0,2078.0,314.0,360.0,0,Semiurban,Y
LP004876,Male,Yes,0,Not Graduate,Yes,11838.0,9348.0,420.0,360.0,0,Rural,Y
LP004879,Female,No,3,Graduate,Yes,6624.0,7745.0,389.0,240.0,1,Semiurban,Y
LP004886,Male,Yes,0,Graduate,Yes,13307.0,1835.0,179.0,240.0,1,Urban,N
LP004892,Male,No,1,Graduate,No,8153.0,8444.0,371.0,180.0,0,Rural,N
LP004915,Female,No,2,Graduate,Yes,15054.0,442.0,237.0,180.0,1,Urban,N
LP004922,Female,Yes,3,Graduate,No,19386.0,9331.0,59.0,240.0,1,Rural,Y
LP004931,Male,Yes,2,Graduate,Yes,4268.0,2617.0,223.0,180.0,0,Semiurban,N
LP004932,Male,No,1,Not Graduate,No,13146.0,8305.0,343.0,180.0,1,Semiurban,N
LP004934,Male,Yes,0,Not Graduate,Yes,17238.0,2088.0,416.0,360.0,0,Urban,N
LP004938,Male,No,0,Not Graduate,Yes,2981.0,8425.0,267.0,180.0,0,Semiurban,Y
LP004939,Male,No,1,Graduate,No,17432.0,512.0,86.0,180.0,1,Rural,Y
LP004940,Male,Yes,0,Not Graduate,Yes,2226.0,7231.0,497.0,240.0,0,Semiurban,N
LP004943,Female,Yes,2,Graduate,No,5221.0,3987.0,423.0,240.0,0,Urban,N
LP004949,Female,Yes,3,Graduate,Yes,17621.0,6861.0,57.0,180.0,1,Rural,N
LP004950,Female,No,3,Graduate,Yes,11238.0,4427.0,168.0,360.0,0,Rural,N
LP004961,Female,Yes,0,Not Graduate,No,5467.0,801.0,80.0,360.0,0,Semiurban,Y
LP004975,Female,No,3,Not Graduate,No,16280.0,102.0,310.0,360.0,1,Semiurban,Y
LP004976,Male,Yes,2,Graduate,Yes,8753.0,5880.0,406.0,240.0,1,Rural,Y
LP004988,Female,Yes,1,Not Graduate,No,9159.0,29.0,34.0,180.0,1,Rural,N
LP004990,Male,No,0,Not Graduate,No,14048.0,7640.0,289.0,180.0,0,Rural,N
LP005010,Female,No,2,Graduate,Yes,4924.0,8432.0,365.0,240.0,0,Urban,N
LP005012,Female,No,1,Graduate,Yes,19327.0,4854.0,321.0,240.0,1,Semiurban,N
LP005024,Female,Yes,1,Graduate,Yes,18458.0,908.0,245.0,180.0,1,Rural,Y
LP005034,Male,Yes,2,Not Graduate,No,4248.0,7230.0,290.0,360.0,1,Rural,N
LP005035,Female,Yes,0,Graduate,No,9701.0,1373.0,433.0,240.0,1,Rural,Y
LP005036,Male,Yes,1,Not Graduate,No,12551.0,9404.0,291.0,180.0,0,Semiurban,Y
LP005052,Male,No,2,Not Graduate,No,7123.0,3533.0,255.0,180.0,1,Urban,N
LP005056,Female,Yes,0,Not Graduate,Yes,2917.0,3665.0,454.0,180.0,0,Rural,N
LP005057,Male,Yes,1,Graduate,No,2032.0,5734.0,391.0,180.0,1,Rural,N
LP005067,Female,Yes,3,Graduate,Yes,8209.0,4894.0,39.0,360.0,0,Urban,N
LP005080,Male,Yes,0,Graduate,Yes,3354.0,817.0,37.0,180.0,1,Rural,N
LP005082,Female,Yes,0,Not Graduate,Yes,7468.0,4325.0,68.0,360.0,1,Urban,Y
LP005087,Male,No,0,Graduate,No,13778.0,4416.0,123.0,360.0,1,Urban,N
LP005108,Male,Yes,3,Graduate,No,8349.0,5604.0,32.0,180.0,1,Rural,Y
LP005108,Female,No,2,Graduate,Yes,7274.0,1324.0,375.0,360.0,1,Semiurban,N
LP005117,Female,Yes,2,Graduate,Yes,18631.0,2144.0,256.0,180.0,0,Urban,Y
LP005139,Male,Yes,0,Graduate,Yes,3891.0,5899.0,459.0,360.0,1,Urban,Y
LP005145,Male,No,3,Not Graduate,No,19985.0,8314.0,83.0,240.0,1,Rural,N
LP005152,Female,No,1,Not Graduate,Yes,15798.0,5566.0,217.0,360.0,1,Rural,Y
LP005154,Male,No,3,Graduate,No,18136.0,6418.0,102.0,240.0,0,Urban,N
LP005173,Male,Yes,0,Not Graduate,No,19401.0,6757.0,229.0,180.0,0,Rural,Y
LP005177,Female,Yes,0,Graduate,Yes,1911.0,5962.0,257.0,180.0,1,Rural,N
LP005179,Female,No,0,Not Graduate,No,6383.0,1512.0,232.0,240.0,1,Semiurban,N
LP005190,Male,No,3,Graduate,Yes,6069.0,4676.0,351.0,180.0,1,Semiurban,Y
LP005194,Male,Yes,0,Graduate,Yes,5041.0,2940.0,191.0,360.0,1,Rural,N
LP005198,Male,No,1,Graduate,Yes,17918.0,8997.0,20.0,360.0,1,Semiurban,N
LP005204,Male,Yes,3,Not Graduate,No,6182.0,4077.0,352.0,240.0,1,Semiurban,N
LP005208,Male,No,0,Not Graduate,Yes,17774.0,7693.0,221.0,240.0,0,Urban,N
LP005209,Female,Yes,3,Not Graduate,No,2377.0,5463.0,203.0,180.0,1,Urban,Y
LP005219,Male,Yes,2,Not Graduate,Yes,2893.0,4293.0,406.0,360.0,0,Rural,Y
LP005219,Male,Yes,3,Not Graduate,No,11741.0,4799.0,391.0,180.0,1,Rural,Y
LP005225,Male,Yes,2,Not Graduate,No,7022.0,5628.0,427.0,360.0,1,Rural,Y
LP005243,Female,Yes,3,Not Graduate,No,4085.0,7665.0,353.0,240.0,1,Rural,Y
LP005251,Female,No,0,Not Graduate,No,12619.0,3803.0,369.0,180.0,0,Semiurban,N
LP005254,Male,Yes,3,Not Graduate,No,16558.0,5122.0,103.0,360.0,0,Rural,Y
LP005262,Female,Yes,2,Graduate,Yes,5105.0,6340.0,412.0,360.0,1,Urban,Y
LP005271,Male,Yes,3,Not Graduate,No,15320.0,1441.0,159.0,360.0,0,Urban,N
LP005271,Female,Yes,1,Not Graduate,No,17777.0,7818.0,243.0,360.0,1,Semiurban,Y
LP005272,Male,No,3,Not Graduate,No,15283.0,190.0,149.0,360.0,0,Rural,Y
LP005272,Male,No,1,Not Graduate,No,2590.0,9701.0,378.0,180.0,1,Rural,N
LP005278,Female,Yes,3,Graduate,Yes,18225.0,3502.0,149.0,180.0,0,Semiurban,N
LP005294,Male,No,2,Not Graduate,Yes,14457.0,499.0,412.0,360.0,1,Semiurban,N
LP005295,Male,No,1,Not Graduate,Yes,7802.0,3146.0,165.0,240.0,1,Semiurban,N
LP005301,Female,Yes,3,Graduate,No,14453.0,6591.0,396.0,180.0,0,Urban,Y
LP005311,Male,No,1,Graduate,Yes,1734.0,9364.0,52.0,240.0,0,Rural,N
LP005315,Male,No,2,Not Graduate,No,18935.0,326.0,188.0,240.0,0,Urban,Y
LP005331,Female,Yes,3,Graduate,Yes,16537.0,7613.0,485.0,360.0,0,Semiurban,Y
LP005343,Male,Yes,3,Graduate,No,12656.0,1688.0,198.0,240.0,0,Semiurban,Y
LP005348,Female,No,3,Not Graduate,Yes,5088.0,4962.0,325.0,360.0,1,Rural,Y
LP005350,Female,Yes,1,Graduate,Yes,4355.0,3607.0,250.0,240.0,0,Semiurban,N
LP005350,Male,No,1,Graduate,Yes,19791.0,9403.0,322.0,360.0,1,Urban,N
LP005353,Male,Yes,2,Not Graduate,No,9046.0,3634.0,100.0,180.0,1,Urban,N
LP005357,Male,Yes,2,Not Graduate,No,10525.0,1827.0,412.0,360.0,1,Semiurban,Y
LP005365,Female,Yes,0,Graduate,No,8983.0,5412.0,451.0,240.0,1,Semiurban,N
LP005373,Female,No,2,Graduate,No,8554.0,7733.0,225.0,180.0,1,Urban,Y
LP005374,Female,No,3,Graduate,No,11148.0,748.0,356.0,180.0,0,Rural,N
LP005380,Male,Yes,0,Not Graduate,Yes,18528.0,4351.0,94.0,180.0,0,Semiurban,Y
LP005421,Female,Yes,3,Not Graduate,Yes,9110.0,5047.0,389.0,360.0,0,Rural,Y
LP005422,Female,Yes,1,Graduate,No,14217.0,766.0,447.0,180.0,1,Rural,N
LP005423,Female,No,3,Not Graduate,No,15300.0,4170.0,127.0,360.0,1,Rural,Y
LP005424,Female,Yes,1,Not Graduate,No,1956.0,2648.0,323.0,180.0,0,Semiurban,Y
LP005425,Male,No,0,Not Graduate,No,13613.0,678.0,237.0,240.0,1,Urban,N
LP005431,Male,No,0,Not Graduate,No,8887.0,9215.0,55.0,240.0,1,Rural,N
LP005441,Male,Yes,1,Graduate,Yes,19272.0,5256.0,328.0,180.0,0,Semiurban,Y
LP005446,Male,Yes,3,Graduate,No,8401.0,7388.0,198.0,240.0,1,Urban,Y
LP005466,Male,Yes,2,Graduate,Yes,3589.0,7537.0,244.0,180.0,0,Semiurban,N
LP005485,Female,Yes,1,Not Graduate,Yes,5876.0,5517.0,282.0,180.0,1,Rural,N
LP005485,Male,Yes,3,Graduate,Yes,13240.0,7676.0,345.0,360.0,0,Semiurban,N
LP005494,Female,Yes,0,Graduate,Yes,6817.0,7725.0,166.0,180.0,0,Urban,N
LP005509,Female,Yes,2,Graduate,Yes,5549.0,4199.0,75.0,180.0,1,Semiurban,N
LP005515,Male,No,0,Not Graduate,No,5178.0,6856.0,192.0,360.0,1,Urban,Y
LP005517,Female,No,0,Not Graduate,No,16510.0,7201.0,397.0,180.0,0,Semiurban,Y
LP005520,Female,No,0,Not Graduate,Yes,16148.0,1516.0,329.0,360.0,0,Rural,Y
LP005532,Female,No,3,Not Graduate,Yes,10794.0,9844.0,145.0,240.0,0,Rural,Y
LP005534,Female,No,0,Graduate,Yes,4960.0,1578.0,477.0,360.0,1,Semiurban,N
LP005542,Male,No,0,Not Graduate,Yes,2374.0,9224.0,187.0,360.0,1,Rural,N
LP005545,Female,Yes,1,Not Graduate,No,15874.0,4428.0,340.0,180.0,1,Urban,N
LP005547,Male,Yes,0,Not Graduate,No,2896.0,3548.0,80.0,240.0,1,Semiurban,N
LP005548,Female,Yes,3,Graduate,No,15092.0,896.0,304.0,180.0,0,Urban,Y
LP005551,Male,No,2,Not Graduate,No,2766.0,5529.0,452.0,360.0,0,Semiurban,N
LP005564,Male,Yes,2,Not Graduate,No,10279.0,3464.0,69.0,180.0,1,Rural,N
LP005565,Male,No,1,Not Graduate,Yes,15043.0,9090.0,298.0,180.0,1,Semiurban,Y
LP005566,Female,Yes,3,Not Graduate,No,17420.0,5709.0,152.0,240.0,1,Urban,Y
LP005574,Female,Yes,3,Not Graduate,No,2851.0,7231.0,53.0,180.0,1,Rural,N
LP005600,Male,Yes,1,Not Graduate,No,12593.0,1189.0,447.0,240.0,0,Urban,N
LP005605,Female,Yes,3,Graduate,Yes,3496.0,8773.0,115.0,180.0,0,Semiurban,Y
LP005610,Female,No,0,Not Graduate,Yes,8633.0,1001.0,389.0,180.0,1,Rural,N
LP005610,Male,Yes,2,Graduate,Yes,12727.0,8238.0,417.0,360.0,1,Urban,Y
LP005620,Female,No,2,Graduate,No,2609.0,7649.0,156.0,360.0,0,Rural,Y
LP005625,Male,Yes,3,Graduate,Yes,7058.0,2326.0,462.0,240.0,1,Semiurban,Y
LP005630,Female,No,1,Graduate,Yes,14477.0,7100.0,157.0,360.0,1,Urban,N
LP005634,Female,Yes,2,Not Graduate,Yes,9500.0,6320.0,237.0,240.0,0,Semiurban,Y
LP005636,Male,No,3,Graduate,Yes,18656.0,2862.0,274.0,360.0,1,Semiurban,N
LP005636,Female,No,0,Not Graduate,No,15888.0,708.0,322.0,180.0,0,Rural,Y
LP005640,Female,No,0,Not Graduate,Yes,13305.0,6178.0,316.0,360.0,1,Rural,N
LP005647,Male,No,3,Graduate,Yes,6095.0,6489.0,319.0,180.0,1,Semiurban,Y
LP005647,Female,Yes,3,Not Graduate,No,12417.0,5017.0,68.0,360.0,1,Semiurban,Y
LP005649,Male,No,1,Not Graduate,Yes,18679.0,7655.0,168.0,180.0,1,Urban,Y
LP005658,Male,Yes,0,Not Graduate,No,8980.0,2595.0,260.0,180.0,1,Rural,Y
LP005667,Female,No,3,Graduate,No,8057.0,6280.0,174.0,360.0,0,Urban,Y
LP005669,Female,Yes,0,Graduate,Yes,16302.0,1356.0,199.0,360.0,1,Semiurban,Y
LP005672,Female,No,2,Graduate,No,12711.0,8854.0,399.0,180.0,0,Rural,Y
LP005675,Female,No,2,Graduate,Yes,3837.0,1174.0,280.0,180.0,1,Urban,Y
LP005675,Female,Yes,3,Not Graduate,Yes,10680.0,1054.0,379.0,180.0,1,Semiurban,Y
LP005679,Female,No,3,Not Graduate,Yes,1945.0,5591.0,322.0,180.0,1,Rural,N
LP005681,Male,Yes,0,Graduate,Yes,4395.0,7989.0,415.0,360.0,1,Urban,Y
LP005688,Male,No,3,Graduate,No,7460.0,1461.0,323.0,240.0,0,Urban,Y
LP005694,Female,Yes,1,Not Graduate,No,5417.0,5474.0,390.0,180.0,0,Rural,Y
LP005702,Male,No,2,Not Graduate,No,18292.0,1773.0,363.0,240.0,1,Rural,Y
LP005708,Female,No,1,Not Graduate,No,8048.0,5033.0,127.0,360.0,0,Urban,N
LP005709,Male,Yes,2,Not Graduate,Yes,15854.0,79.0,170.0,180.0,0,Rural,N
LP005719,Female,No,2,Graduate,No,9026.0,506.0,184.0,360.0,0,Semiurban,N
LP005734,Female,Yes,3,Not Graduate,Yes,12544.0,4388.0,349.0,360.0,1,Urban,N
LP005736,Female,No,2,Graduate,No,12080.0,7546.0,307.0,360.0,1,Urban,Y
LP005737,Male,Yes,2,Graduate,No,4592.0,2206.0,454.0,240.0,1,Urban,Y
LP005737,Female,Yes,3,Graduate,Yes,10839.0,9897.0,499.0,360.0,1,Semiurban,Y
LP005759,Male,No,3,Not Graduate,Yes,11061.0,8381.0,425.0,180.0,0,Rural,N
LP005768,Female,No,0,Not Graduate,No,7391.0,414.0,224.0,180.0,1,Semiurban,N
LP005772,Male,No,2,Not Graduate,No,7647.0,9199.0,427.0,240.0,1,Rural,Y
LP005791,Male,Yes,2,Graduate,Yes,10765.0,131.0,423.0,180.0,0,Semiurban,Y
LP005791,Male,No,1,Graduate,No,4640.0,6114.0,335.0,360.0,0,Urban,Y
LP005798,Male,No,1,Graduate,Yes,7483.0,8642.0,182.0,360.0,0,Semiurban,N
LP005802,Male,Yes,2,Not Graduate,No,7454.0,7761.0,400.0,240.0,1,Urban,N
LP005803,Male,Yes,2,Not Graduate,No,3749.0,6109.0,454.0,240.0,1,Semiurban,Y
LP005803,Male,No,3,Graduate,No,10356.0,8751.0,497.0,240.0,0,Semiurban,N
LP005805,Male,Yes,3,Not Graduate,Yes,3092.0,466.0,121.0,360.0,1,Semiurban,N
LP005809,Female,No,0,Graduate,Yes,4945.0,3121.0,483.0,360.0,0,Rural,Y
LP005810,Male,Yes,0,Not Graduate,No,10576.0,7021.0,386.0,360.0,1,Rural,N
LP005817,Male,No,0,Not Graduate,No,6007.0,5944.0,320.0,360.0,0,Rural,N
LP005826,Male,Yes,0,Graduate,Yes,5764.0,7643.0,158.0,240.0,0,Urban,N
LP005832,Male,Yes,2,Graduate,Yes,7876.0,345.0,301.0,360.0,0,Rural,N
LP005875,Male,Yes,2,Not Graduate,Yes,2437.0,7067.0,428.0,360.0,1,Semiurban,N
LP005879,Male,Yes,3,Not Graduate,No,14014.0,5693.0,123.0,360.0,1,Rural,N
LP005889,Female,No,0,Graduate,Yes,18590.0,5564.0,412.0,240.0,1,Urban,N
LP005894,Female,Yes,3,Not Graduate,Yes,8784.0,3922.0,401.0,180.0,0,Semiurban,Y
LP005894,Female,Yes,1,Not Graduate,Yes,8050.0,6239.0,297.0,360.0,1,Urban,N
LP005897,Male,No,3,Graduate,No,19264.0,8615.0,22.0,180.0,1,Urban,N
LP005932,Female,Yes,1,Graduate,No,9091.0,9247.0,356.0,360.0,0,Semiurban,Y
LP005936,Male,No,0,Not Graduate,No,9183.0,8488.0,110.0,240.0,1,Rural,Y
LP005943,Male,Yes,0,Not Graduate,No,7069.0,5319.0,339.0,360.0,0,Urban,N
LP005961,Male,Yes,1,Not Graduate,No,19494.0,6985.0,250.0,180.0,1,Semiurban,Y
LP005965,Female,No,2,Graduate,No,12824.0,131.0,330.0,360.0,0,Rural,Y
LP005969,Male,Yes,0,Not Graduate,Yes,4579.0,4424.0,319.0,180.0,1,Semiurban,N
LP005976,Female,Yes,0,Not Graduate,Yes,11108.0,219.0,422.0,360.0,1,Semiurban,Y
LP005980,Female,Yes,1,Graduate,Yes,19426.0,4052.0,439.0,240.0,1,Rural,N
LP006001,Male,Yes,3,Graduate,Yes,6630.0,1664.0,66.0,180.0,1,Urban,N
LP006005,Male,No,1,Not Graduate,Yes,14663.0,3707.0,54.0,180.0,1,Rural,N
LP006011,Male,Yes,3,Not Graduate,No,6398.0,4012.0,472.0,360.0,0,Semiurban,Y
LP006014,Male,No,0,Not Graduate,Yes,4573.0,5451.0,27.0,180.0,0,Semiurban,Y
LP006019,Male,No,3,Not Graduate,No,17443.0,2320.0,326.0,360.0,1,Semiurban,Y
LP006019,Male,Yes,1,Not Graduate,Yes,3601.0,3397.0,95.0,240.0,1,Rural,N
LP006028,Female,No,2,Not Graduate,No,6575.0,8894.0,179.0,240.0,1,Rural,N
LP006033,Female,No,2,Not Graduate,No,16772.0,4532.0,247.0,180.0,0,Urban,Y
LP006038,Female,No,2,Not Graduate,No,13130.0,2034.0,176.0,360.0,0,Rural,N
LP006038,Male,Yes,1,Graduate,No,16794.0,9806.0,255.0,180.0,1,Semiurban,N
LP006041,Female,Yes,3,Not Graduate,No,9380.0,2049.0,184.0,240.0,0,Rural,N
LP006048,Male,Yes,1,Not Graduate,No,3273.0,2547.0,161.0,360.0,0,Urban,N
LP006049,Female,Yes,3,Graduate,Yes,19964.0,8692.0,94.0,180.0,1,Urban,N
LP006050,Female,No,2,Graduate,No,10865.0,9810.0,101.0,360.0,0,Rural,Y
LP006051,Female,No,0,Graduate,No,14121.0,3279.0,361.0,180.0,0,Rural,Y
LP006054,Female,Yes,2,Not Graduate,No,4385.0,5528.0,342.0,360.0,1,Urban,N
LP006069,Male,Yes,2,Not Graduate,No,13605.0,9690.0,368.0,240.0,1,Rural,N
LP006088,Female,Yes,1,Graduate,Yes,16631.0,423.0,86.0,180.0,1,Rural,N
LP006091,Female,No,1,Graduate,No,10842.0,381.0,204.0,360.0,1,Urban,N
LP006100,Female,Yes,3,Not Graduate,Yes,15094.0,8401.0,144.0,360.0,1,Semiurban,Y
LP006104,Female,Yes,1,Not Graduate,No,4647.0,4851.0,316.0,240.0,0,Semiurban,Y
LP006109,Male,No,1,Graduate,No,8585.0,590.0,372.0,360.0,0,Rural,N
LP006110,Female,Yes,3,Graduate,Yes,2185.0,3462.0,32.0,180.0,1,Rural,N
LP006121,Female,No,1,Graduate,Yes,9663.0,1627.0,196.0,180.0,0,Rural,N
LP006123,Male,Yes,1,Not Graduate,Yes,7760.0,6881.0,114.0,180.0,0,Semiurban,N
LP006124,Female,Yes,3,Graduate,No,13988.0,257.0,460.0,240.0,0,Rural,N
LP006133,Female,No,0,Graduate,Yes,16613.0,1852.0,192.0,180.0,1,Semiurban,Y
LP006135,Male,No,3,Not Graduate,No,6918.0,5512.0,420.0,180.0,1,Semiurban,Y
LP006146,Male,Yes,3,Not Graduate,Yes,19017.0,7865.0,93.0,180.0,1,Semiurban,Y
LP006159,Male,Yes,0,Graduate,Yes,6602.0,4185.0,293.0,180.0,1,Rural,N
LP006178,Female,Yes,1,Not Graduate,Yes,13976.0,7003.0,469.0,360.0,1,Semiurban,N
LP006181,Female,Yes,3,Not Graduate,No,17878.0,5774.0,289.0,240.0,1,Urban,N
LP006190,Male,No,1,Graduate,No,4278.0,4523.0,365.0,360.0,0,Semiurban,N
LP006194,Male,No,0,Graduate,Yes,6062.0,966.0,202.0,240.0,1,Semiurban,Y
LP006194,Male,No,1,Not Graduate,No,16065.0,1905.0,80.0,240.0,0,Semiurban,N
LP006201,Male,Yes,0,Not Graduate,Yes,14584.0,4789.0,375.0,240.0,1,Urban,Y
LP006202,Female,Yes,1,Not Graduate,No,6094.0,183.0,264.0,240.0,1,Rural,N
LP006221,Male,No,0,Graduate,Yes,5059.0,9010.0,40.0,180.0,0,Rural,Y
LP006223,Male,No,3,Not Graduate,Yes,4397.0,8559.0,107.0,180.0,0,Rural,Y
LP006224,Male,No,1,Not Graduate,Yes,14398.0,4881.0,67.0,360.0,0,Urban,N
LP006227,Male,No,0,Not Graduate,Yes,6629.0,5470.0,234.0,240.0,1,Semiurban,Y
LP006233,Female,Yes,0,Not Graduate,No,10408.0,3252.0,287.0,240.0,0,Semiurban,N
LP006242,Female,No,1,Graduate,No,10006.0,4226.0,351.0,240.0,1,Semiurban,N
LP006249,Male,Yes,1,Not Graduate,No,11276.0,4138.0,131.0,240.0,0,Semiurban,Y
LP006255,Male,No,1,Not Graduate,Yes,5294.0,6328.0,276.0,360.0,1,Rural,Y
LP006258,Male,Yes,1,Not Graduate,Yes,10449.0,1177.0,344.0,240.0,0,Semiurban,N
LP006267,Female,Yes,2,Graduate,No,14613.0,1263.0,443.0,240.0,1,Semiurban,N
LP006270,Female,Yes,0,Not Graduate,No,2494.0,9135.0,462.0,240.0,0,Rural,N
LP006285,Male,No,2,Not Graduate,No,3269.0,2267.0,459.0,360.0,1,Semiurban,Y
LP006289,Male,No,0,Not Graduate,No,5361.0,7621.0,220.0,240.0,1,Semiurban,N
LP006297,Female,No,1,Graduate,No,8737.0,3037.0,210.0,240.0,0,Urban,N
LP006313,Female,Yes,0,Not Graduate,Yes,2674.0,4991.0,329.0,360.0,1,Urban,N
LP006319,Male,Yes,2,Graduate,Yes,18188.0,7081.0,100.0,360.0,0,Rural,Y
LP006342,Male,Yes,1,Graduate,No,2695.0,1677.0,203.0,180.0,0,Rural,N
LP006346,Female,Yes,0,Not Graduate,No,15417.0,7001.0,409.0,240.0,0,Urban,Y
LP006346,Female,Yes,0,Not Graduate,No,2404.0,7755.0,127.0,360.0,0,Rural,N
LP006352,Female,Yes,0,Not Graduate,Yes,3046.0,9490.0,346.0,240.0,1,Semiurban,Y
LP006370,Female,No,2,Not Graduate,No,6945.0,193.0,101.0,240.0,0,Urban,Y
LP006382,Female,No,1,Graduate,Yes,11335.0,4803.0,228.0,360.0,1,Rural,Y
LP006382,Female,Yes,3,Not Graduate,No,2573.0,8856.0,225.0,360.0,0,Semiurban,Y
LP006385,Female,No,3,Graduate,Yes,5109.0,7043.0,436.0,240.0,1,Semiurban,N
LP006387,Male,No,0,Graduate,No,2223.0,8970.0,65.0,360.0,1,Urban,Y
LP006388,Female,Yes,0,Not Graduate,No,15169.0,9700.0,394.0,360.0,0,Rural,N
LP006392,Male,No,1,Graduate,Yes,16885.0,8671.0,35.0,180.0,0,Rural,N
LP006400,Female,Yes,0,Graduate,No,18514.0,2752.0,134.0,240.0,1,Urban,N
LP006409,Female,No,1,Graduate,Yes,6445.0,153.0,21.0,360.0,1,Rural,N
LP006420,Male,Yes,2,Not Graduate,Yes,4182.0,2549.0,203.0,180.0,0,Rural,N
LP006427,Male,Yes,2,Not Graduate,Yes,17433.0,4045.0,484.0,240.0,0,Semiurban,Y
LP006432,Female,Yes,0,Not Graduate,Yes,17875.0,6652.0,180.0,180.0,0,Semiurban,Y
LP006444,Female,No,0,Graduate,No,14529.0,6502.0,440.0,180.0,1,Semiurban,N
LP006444,Male,Yes,1,Graduate,Yes,14100.0,6866.0,303.0,360.0,0,Urban,N
LP006488,Female,Yes,3,Not Graduate,Yes,3940.0,5418.0,335.0,180.0,0,Semiurban,Y
LP006491,Male,Yes,1,Not Graduate,Yes,11353.0,9380.0,456.0,360.0,0,Urban,N
LP006495,Female,No,0,Not Graduate,Yes,13012.0,6503.0,168.0,180.0,0,Urban,Y
LP006497,Female,Yes,0,Graduate,No,3583.0,1457.0,480.0,240.0,0,Urban,Y
LP006497,Male,No,1,Graduate,Yes,5761.0,599.0,123.0,240.0,0,Urban,Y
LP006503,Male,Yes,0,Graduate,Yes,3253.0,8975.0,160.0,360.0,0,Urban,N
LP006505,Male,No,0,Not Graduate,No,4600.0,4013.0,469.0,180.0,0,Rural,Y
LP006521,Female,Yes,1,Graduate,No,16268.0,295.0,423.0,180.0,1,Semiurban,N
LP006528,Male,Yes,3,Graduate,No,11460.0,4554.0,180.0,180.0,0,Urban,N
LP006530,Female,Yes,2,Graduate,No,16511.0,8084.0,76.0,180.0,1,Semiurban,Y
LP006533,Male,Yes,2,Graduate,No,18305.0,1593.0,27.0,240.0,1,Urban,Y
LP006537,Female,Yes,1,Not Graduate,No,5871.0,1975.0,38.0,360.0,1,Semiurban,N
LP006550,Female,Yes,3,Not Graduate,No,19980.0,4036.0,484.0,360.0,0,Urban,N
LP006555,Male,No,3,Graduate,Yes,18712.0,3591.0,181.0,360.0,0,Rural,Y
LP006583,Female,No,0,Graduate,No,7557.0,838.0,107.0,240.0,0,Rural,Y
LP006587,Female,No,3,Not Graduate,No,13304.0,3828.0,440.0,240.0,1,Urban,Y
LP006606,Female,No,1,Not Graduate,Yes,15470.0,37.0,475.0,180.0,0,Urban,N
LP006609,Male,Yes,2,Not Graduate,No,18713.0,5150.0,391.0,360.0,1,Rural,Y
LP006612,Female,Yes,1,Not Graduate,Yes,16751.0,9634.0,265.0,180.0,0,Rural,N
LP006613,Female,No,1,Graduate,No,11236.0,940.0,28.0,240.0,0,Semiurban,N
LP006619,Male,No,0,Graduate,Yes,19994.0,5481.0,144.0,240.0,0,Semiurban,N
LP006624,Female,No,0,Graduate,No,12093.0,9099.0,147.0,360.0,1,Semiurban,Y
LP006636,Male,No,0,Graduate,Yes,15101.0,7457.0,497.0,240.0,1,Rural,N
LP006647,Female,No,2,Not Graduate,Yes,19111.0,6970.0,245.0,180.0,1,Urban,N
LP006656,Male,No,3,Graduate,No,13891.0,2981.0,384.0,360.0,0,Rural,Y
LP006666,Male,No,2,Graduate,Yes,7785.0,9110.0,465.0,180.0,1,Rural,N
LP006666,Female,No,3,Not Graduate,Yes,4611.0,5435.0,195.0,180.0,0,Semiurban,Y
LP006686,Female,Yes,3,Not Graduate,No,8048.0,4302.0,452.0,360.0,1,Semiurban,Y
LP006706,Female,No,3,Graduate,Yes,9270.0,4368.0,479.0,180.0,1,Urban,Y
LP006706,Female,No,0,Not Graduate,No,4763.0,7805.0,435.0,180.0,1,Rural,Y
LP006706,Female,Yes,3,Graduate,Yes,17290.0,6387.0,477.0,180.0,1,Rural,N
LP006707,Male,No,3,Not Graduate,No,9965.0,5919.0,36.0,360.0,1,Semiurban,N
LP006719,Male,No,3,Graduate,No,9754.0,2466.0,142.0,360.0,1,Semiurban,N
LP006730,Female,Yes,1,Graduate,No,8576.0,7991.0,429.0,240.0,0,Semiurban,Y
LP006730,Female,Yes,2,Graduate,Yes,19920.0,307.0,356.0,240.0,1,Rural,N
LP006740,Female,No,3,Graduate,No,9883.0,7956.0,303.0,360.0,0,Rural,Y
LP006749,Female,Yes,3,Graduate,Yes,19293.0,8683.0,333.0,360.0,1,Urban,Y
LP006753,Male,Yes,0,Graduate,Yes,3126.0,4582.0,231.0,360.0,1,Urban,N
LP006767,Male,Yes,2,Graduate,Yes,16368.0,5651.0,217.0,360.0,1,Semiurban,Y
LP006768,Male,No,3,Graduate,Yes,16311.0,2101.0,446.0,240.0,1,Rural,N
LP006772,Male,No,2,Not Graduate,Yes,8293.0,2828.0,398.0,180.0,1,Rural,N
LP006774,Male,Yes,0,Graduate,Yes,12817.0,6963.0,285.0,180.0,1,Urban,Y
LP006787,Male,Yes,1,Graduate,No,13891.0,405.0,102.0,240.0,0,Rural,Y
LP006788,Female,No,3,Graduate,No,3079.0,1139.0,283.0,240.0,1,Semiurban,N
LP006803,Female,No,0,Not Graduate,No,12757.0,1907.0,197.0,240.0,0,Rural,Y
LP006804,Male,No,2,Graduate,No,19616.0,5536.0,254.0,180.0,0,Urban,N
LP006804,Female,No,2,Graduate,No,12504.0,7335.0,372.0,180.0,0,Urban,Y
LP006809,Male,No,0,Not Graduate,Yes,5301.0,5930.0,206.0,360.0,0,Semiurban,N
LP006810,Female,No,2,Not Graduate,Yes,10962.0,3855.0,315.0,360.0,1,Semiurban,Y
LP006828,Male,Yes,3,Not Graduate,Yes,3501.0,5095.0,404.0,180.0,0,Rural,Y
LP006834,Female,No,1,Not Graduate,No,7181.0,4706.0,445.0,240.0,1,Semiurban,Y
LP006835,Male,Yes,2,Not Graduate,Yes,16608.0,2943.0,424.0,180.0,1,Urban,N
LP006858,Male,No,2,Graduate,No,4104.0,987.0,125.0,180.0,0,Urban,N
LP006870,Female,Yes,3,Not Graduate,No,18015.0,8589.0,307.0,360.0,1,Urban,N
LP006884,Male,No,0,Graduate,No,2134.0,4301.0,207.0,360.0,1,Urban,Y
LP006887,Female,No,2,Graduate,Yes,15527.0,864.0,187.0,240.0,0,Urban,Y
LP006895,Male,Yes,2,Not Graduate,No,5388.0,513.0,121.0,180.0,0,Rural,N
LP006905,Female,Yes,1,Graduate,Yes,5143.0,351.0,63.0,360.0,0,Semiurban,N
LP006922,Female,Yes,0,Not Graduate,Yes,15020.0,1608.0,82.0,180.0,0,Semiurban,Y
LP006924,Male,Yes,3,Not Graduate,Yes,3284.0,7691.0,116.0,360.0,0,Urban,Y
LP006937,Female,Yes,2,Not Graduate,No,1828.0,6238.0,36.0,180.0,0,Urban,N
LP006954,Male,Yes,2,Not Graduate,Yes,14971.0,8237.0,59.0,360.0,0,Urban,N
LP006960,Female,Yes,0,Graduate,No,11854.0,7735.0,459.0,240.0,1,Urban,Y
LP006961,Female,Yes,0,Graduate,Yes,10852.0,3027.0,203.0,360.0,0,Semiurban,Y
LP006969,Male,Yes,0,Not Graduate,Yes,3296.0,8713.0,256.0,240.0,0,Rural,N
LP006970,Male,No,1,Graduate,Yes,8085.0,3352.0,459.0,360.0,1,Semiurban,Y
LP006975,Female,Yes,3,Graduate,No,17077.0,8076.0,163.0,180.0,0,Urban,Y
LP006976,Male,No,3,Not Graduate,No,10849.0,7658.0,54.0,360.0,0,Rural,N
LP006992,Female,Yes,3,Not Graduate,No,16817.0,4873.0,482.0,240.0,0,Semiurban,Y
LP007003,Female,No,1,Not Graduate,No,11668.0,6016.0,352.0,240.0,1,Semiurban,N
LP007008,Female,No,0,Graduate,No,7449.0,600.0,85.0,360.0,0,Urban,N
LP007015,Female,No,2,Graduate,Yes,16957.0,8801.0,211.0,240.0,1,Semiurban,Y
LP007023,Female,No,1,Not Graduate,No,4369.0,3830.0,427.0,240.0,1,Semiurban,N
LP007034,Male,Yes,1,Graduate,Yes,12573.0,2127.0,259.0,180.0,0,Semiurban,N
LP007038,Male,Yes,0,Not Graduate,Yes,5673.0,892.0,260.0,360.0,1,Urban,Y
LP007047,Male,No,2,Graduate,Yes,9421.0,6296.0,251.0,360.0,1,Rural,N
LP007051,Female,Yes,0,Not Graduate,Yes,19330.0,6604.0,488.0,180.0,1,Urban,Y
LP007057,Female,Yes,1,Graduate,No,11607.0,2154.0,272.0,360.0,0,Rural,N
LP007057,Male,No,0,Not Graduate,No,7491.0,2476.0,91.0,180.0,1,Rural,Y
LP007060,Female,No,2,Graduate,Yes,8171.0,4789.0,230.0,180.0,0,Urban,N
LP007070,Female,Yes,1,Not Graduate,No,12731.0,6780.0,395.0,240.0,0,Rural,N
LP007070,Male,Yes,0,Not Graduate,Yes,10006.0,765.0,380.0,180.0,0,Urban,N
LP007088,Male,No,1,Graduate,Yes,17212.0,7303.0,364.0,360.0,0,Rural,Y
LP007092,Female,No,3,Graduate,No,5952.0,9141.0,411.0,360.0,1,Semiurban,Y
LP007092,Male,No,0,Not Graduate,Yes,6359.0,3027.0,308.0,240.0,0,Urban,N
LP007093,Male,Yes,2,Not Graduate,Yes,4658.0,7193.0,195.0,240.0,0,Rural,Y
LP007103,Female,Yes,3,Not Graduate,Yes,4936.0,1394.0,54.0,360.0,1,Rural,N
LP007111,Male,Yes,0,Graduate,Yes,17131.0,2452.0,355.0,240.0,1,Semiurban,N
LP007113,Female,Yes,0,Graduate,Yes,13213.0,7653.0,176.0,180.0,0,Urban,Y
LP007119,Female,No,0,Not Graduate,No,14058.0,6730.0,246.0,180.0,0,Rural,Y
LP007127,Female,Yes,2,Not Graduate,No,19020.0,4738.0,85.0,180.0,1,Urban,N
LP007130,Male,No,1,Graduate,No,8005.0,8670.0,83.0,360.0,0,Rural,N
LP007138,Male,No,2,Not Graduate,No,9859.0,4322.0,324.0,180.0,0,Rural,Y
LP007144,Female,No,2,Graduate,No,12953.0,7366.0,193.0,360.0,1,Semiurban,N
LP007166,Female,Yes,1,Not Graduate,Yes,7690.0,5877.0,307.0,240.0,0,Rural,Y
LP007171,Male,No,3,Not Graduate,Yes,4971.0,2649.0,416.0,240.0,1,Urban,Y
LP007199,Male,No,3,Graduate,No,12395.0,3865.0,148.0,240.0,1,Rural,N
LP007231,Female,Yes,2,Not Graduate,Yes,3058.0,4594.0,499.0,240.0,0,Urban,N
LP007241,Female,Yes,2,Not Graduate,No,13993.0,7478.0,75.0,240.0,0,Rural,Y
LP007251,Female,No,0,Graduate,No,16738.0,7601.0,455.0,180.0,0,Rural,Y
LP007256,Female,Yes,0,Not Graduate,Yes,6133.0,3136.0,365.0,180.0,0,Urban,Y
LP007261,Male,No,3,Graduate,Yes,12130.0,2367.0,335.0,180.0,1,Semiurban,Y
LP007273,Female,No,2,Not Graduate,Yes,19797.0,5887.0,48.0,240.0,0,Rural,Y
LP007276,Female,Yes,1,Graduate,No,3125.0,4465.0,103.0,240.0,1,Urban,N
LP007287,Female,Yes,1,Graduate,Yes,1500.0,6662.0,340.0,240.0,0,Rural,N
LP007308,Male,Yes,3,Not Graduate,No,17202.0,58.0,141.0,240.0,0,Rural,Y
LP007326,Male,No,0,Not Graduate,No,11040.0,300.0,197.0,360.0,1,Rural,N
LP007327,Male,Yes,2,Graduate,Yes,7850.0,8621.0,308.0,180.0,1,Rural,Y
LP007329,Male,Yes,2,Not Graduate,Yes,18845.0,5591.0,438.0,180.0,0,Urban,N
LP007334,Female,No,1,Graduate,No,14676.0,5121.0,472.0,240.0,0,Rural,Y
LP007338,Female,No,0,Graduate,No,10142.0,6985.0,306.0,360.0,0,Urban,N
LP007338,Female,Yes,0,Not Graduate,Yes,13129.0,582.0,209.0,360.0,0,Rural,Y
LP007366,Female,Yes,1,Graduate,Yes,8326.0,2420.0,401.0,360.0,1,Urban,Y
LP007366,Female,No,2,Not Graduate,Yes,11262.0,3115.0,221.0,240.0,1,Urban,N
LP007394,Female,No,2,Graduate,Yes,1520.0,8347.0,394.0,240.0,0,Urban,Y
LP007396,Female,Yes,0,Graduate,Yes,3375.0,271.0,381.0,360.0,0,Urban,Y
LP007405,Female,Yes,0,Not Graduate,No,2006.0,3873.0,92.0,360.0,0,Semiurban,Y
LP007406,Female,Yes,2,Not Graduate,No,13714.0,4488.0,39.0,240.0,0,Urban,Y
LP007411,Female,Yes,3,Graduate,No,10422.0,3041.0,277.0,360.0,0,Rural,Y
LP007413,Female,No,2,Graduate,Yes,3996.0,4971.0,294.0,180.0,1,Rural,N
LP007414,Female,Yes,3,Graduate,No,14047.0,7877.0,283.0,360.0,0,Semiurban,Y
LP007419,Female,No,0,Not Graduate,No,3581.0,3396.0,341.0,240.0,0,Rural,Y
LP007435,Male,No,0,Graduate,No,17468.0,3804.0,459.0,240.0,0,Urban,Y
LP007439,Female,Yes,1,Not Graduate,Yes,10514.0,1290.0,33.0,360.0,0,Urban,N
LP007439,Female,No,3,Graduate,No,10447.0,7841.0,367.0,180.0,0,Semiurban,N
LP007444,Male,No,3,Not Graduate,Yes,4780.0,467.0,394.0,180.0,0,Rural,Y
LP007456,Female,Yes,1,Graduate,Yes,10374.0,5006.0,202.0,360.0,1,Urban,Y
LP007462,Female,Yes,2,Not Graduate,Yes,14450.0,7925.0,225.0,360.0,0,Semiurban,N
LP007464,Male,No,3,Graduate,Yes,10248.0,5059.0,302.0,180.0,0,Urban,N
LP007465,Male,Yes,3,Not Graduate,Yes,17948.0,5019.0,333.0,240.0,1,Semiurban,N
LP007466,Female,Yes,1,Graduate,No,14249.0,8935.0,178.0,180.0,0,Semiurban,Y
LP007470,Male,No,2,Graduate,No,15135.0,5020.0,295.0,360.0,1,Urban,N
LP007481,Male,Yes,2,Not Graduate,Yes,2290.0,9180.0,298.0,240.0,1,Urban,Y
LP007482,Female,Yes,0,Graduate,No,17906.0,1990.0,237.0,360.0,1,Semiurban,N
LP007487,Female,No,3,Graduate,No,8089.0,5468.0,102.0,240.0,0,Semiurban,Y
LP007505,Female,No,1,Not Graduate,No,5096.0,986.0,170.0,180.0,0,Rural,N
LP007508,Female,Yes,0,Not Graduate,No,6846.0,857.0,342.0,180.0,0,Rural,N
LP007515,Male,Yes,1,Graduate,Yes,13983.0,525.0,362.0,240.0,0,Rural,N
LP007524,Male,No,0,Not Graduate,No,5871.0,8891.0,278.0,180.0,1,Rural,Y
LP007534,Female,Yes,0,Not Graduate,Yes,12485.0,898.0,232.0,360.0,0,Rural,N
LP007544,Female,No,1,Not Graduate,No,19190.0,6285.0,278.0,240.0,0,Urban,Y
LP007548,Female,Yes,0,Not Graduate,Yes,19310.0,9822.0,289.0,180.0,1,Rural,Y
LP007558,Female,No,0,Graduate,No,11517.0,6306.0,230.0,360.0,1,Semiurban,N
LP007569,Male,Yes,0,Not Graduate,Yes,16400.0,5091.0,375.0,360.0,1,Urban,Y
LP007570,Female,Yes,0,Graduate,Yes,10350.0,191.0,231.0,360.0,1,Rural,N
LP007570,Female,No,2,Graduate,Yes,9084.0,7128.0,268.0,240.0,1,Semiurban,Y
LP007572,Female,Yes,0,Not Graduate,Yes,12431.0,9174.0,197.0,180.0,1,Semiurban,N
LP007575,Male,No,2,Graduate,No,13007.0,697.0,499.0,240.0,0,Semiurban,Y
LP007580,Female,Yes,2,Not Graduate,Yes,11726.0,4358.0,462.0,240.0,0,Semiurban,N
LP007582,Male,Yes,1,Graduate,No,6417.0,5167.0,168.0,180.0,0,Semiurban,Y
LP007593,Female,No,2,Not Graduate,Yes,14365.0,2537.0,334.0,180.0,0,Semiurban,Y
LP007627,Male,No,1,Not Graduate,No,9041.0,3122.0,224.0,180.0,1,Semiurban,N
LP007647,Female,Yes,3,Graduate,Yes,2236.0,4002.0,261.0,240.0,1,Urban,Y
LP007651,Female,Yes,3,Graduate,Yes,8933.0,1479.0,238.0,240.0,1,Semiurban,N
LP007654,Female,Yes,3,Graduate,No,18170.0,903.0,172.0,360.0,1,Urban,N
LP007654,Male,Yes,0,Not Graduate,No,17253.0,3075.0,50.0,360.0,1,Urban,Y
LP007662,Female,Yes,2,Graduate,Yes,9558.0,8515.0,159.0,180.0,0,Semiurban,N
LP007662,Female,No,0,Graduate,Yes,19710.0,9305.0,75.0,240.0,0,Urban,Y
LP007676,Female,No,1,Not Graduate,Yes,6217.0,5410.0,58.0,240.0,1,Rural,Y
LP007679,Male,No,1,Not Graduate,Yes,8770.0,4839.0,322.0,180.0,1,Rural,Y
LP007701,Male,No,3,Graduate,Yes,17920.0,9949.0,293.0,360.0,0,Rural,Y
LP007706,Female,No,3,Graduate,Yes,4171.0,4044.0,169.0,240.0,0,Urban,N
LP007720,Female,No,1,Not Graduate,Yes,16375.0,2613.0,167.0,240.0,1,Urban,N
LP007728,Male,Yes,0,Graduate,No,14727.0,3231.0,271.0,180.0,1,Rural,N
LP007732,Male,No,0,Not Graduate,No,3763.0,4695.0,156.0,360.0,1,Semiurban,N
LP007733,Male,No,2,Graduate,Yes,19447.0,9729.0,362.0,180.0,1,Semiurban,N
LP007734,Female,No,3,Not Graduate,No,8751.0,4574.0,493.0,360.0,1,Rural,Y
LP007737,Female,Yes,2,Not Graduate,Yes,12167.0,2995.0,252.0,240.0,1,Semiurban,Y
LP007739,Male,Yes,0,Graduate,No,11368.0,4373.0,274.0,180.0,0,Semiurban,Y
LP007747,Female,Yes,1,Not Graduate,Yes,8718.0,2531.0,157.0,360.0,0,Semiurban,Y
LP007747,Female,Yes,1,Graduate,Yes,10539.0,7405.0,349.0,360.0,1,Urban,Y
LP007750,Female,No,3,Not Graduate,Yes,8315.0,2521.0,254.0,180.0,0,Urban,N
LP007755,Male,No,0,Graduate,Yes,16903.0,4015.0,178.0,240.0,1,Semiurban,N
LP007757,Female,Yes,0,Not Graduate,Yes,12369.0,4724.0,43.0,360.0,1,Semiurban,N
LP007772,Female,No,1,Graduate,No,4109.0,8841.0,301.0,180.0,0,Rural,N
LP007790,Female,No,3,Not Graduate,No,1820.0,3748.0,496.0,240.0,0,Urban,Y
LP007792,Female,No,2,Graduate,No,15868.0,8138.0,263.0,240.0,1,Semiurban,N
LP007796,Female,Yes,1,Not Graduate,Yes,6439.0,3446.0,482.0,180.0,0,Rural,Y
LP007797,Female,Yes,1,Graduate,No,11693.0,5787.0,180.0,180.0,1,Urban,Y
LP007802,Male,No,3,Not Graduate,Yes,10230.0,7912.0,405.0,180.0,1,Rural,N
LP007803,Male,No,3,Not Graduate,Yes,8216.0,2171.0,116.0,360.0,1,Semiurban,Y
LP007816,Male,Yes,1,Graduate,Yes,16726.0,1803.0,52.0,180.0,1,Urban,N
LP007829,Male,No,0,Graduate,No,17254.0,8842.0,324.0,360.0,1,Semiurban,N
LP007833,Male,Yes,1,Graduate,No,2545.0,1389.0,76.0,360.0,0,Urban,Y
LP007840,Female,Yes,2,Not Graduate,No,2538.0,137.0,49.0,240.0,0,Urban,N
LP007866,Male,Yes,3,Graduate,No,14493.0,3371.0,457.0,180.0,0,Semiurban,Y
LP007881,Male,No,2,Not Graduate,Yes,13483.0,2991.0,450.0,180.0,1,Semiurban,Y
LP007881,Male,No,1,Not Graduate,No,13442.0,1960.0,264.0,180.0,1,Rural,Y
LP007886,Male,No,3,Graduate,Yes,17116.0,270.0,103.0,240.0,0,Urban,N
LP007897,Female,No,2,Not Graduate,Yes,8229.0,3817.0,80.0,360.0,0,Urban,Y
LP007915,Male,Yes,3,Graduate,No,9265.0,5986.0,68.0,360.0,0,Urban,Y
LP007919,Male,Yes,1,Graduate,No,15410.0,4589.0,203.0,240.0,0,Rural,Y
LP007926,Male,No,3,Graduate,Yes,6235.0,3803.0,50.0,240.0,1,Rural,N
LP007927,Male,No,2,Graduate,No,18459.0,2915.0,146.0,360.0,1,Rural,Y
LP007932,Male,No,1,Not Graduate,No,2392.0,114.0,52.0,360.0,0,Urban,Y
LP007935,Male,Yes,2,Not Graduate,Yes,19161.0,2456.0,154.0,240.0,0,Urban,N
LP007944,Female,No,0,Graduate,No,16918.0,390.0,202.0,180.0,0,Urban,N
LP007947,Male,No,0,Graduate,Yes,1920.0,7281.0,64.0,360.0,0,Semiurban,Y
LP007949,Male,Yes,2,Not Graduate,No,2288.0,5584.0,480.0,240.0,0,Rural,Y
LP007962,Female,No,2,Not Graduate,No,4809.0,3965.0,481.0,360.0,1,Rural,N
LP007966,Female,No,0,Graduate,Yes,14385.0,5157.0,102.0,240.0,0,Semiurban,N
LP007968,Male,No,3,Graduate,Yes,15772.0,5333.0,108.0,360.0,1,Semiurban,Y
LP007975,Female,Yes,2,Not Graduate,No,2215.0,2863.0,500.0,240.0,1,Rural,Y
LP007976,Male,No,3,Not Graduate,Yes,5250.0,802.0,426.0,360.0,1,Semiurban,Y
LP007978,Male,No,0,Graduate,No,5663.0,4918.0,357.0,360.0,0,Rural,N
LP007992,Male,No,2,Not Graduate,No,6766.0,2425.0,157.0,180.0,0,Semiurban,Y
LP007993,Male,No,0,Not Graduate,Yes,2704.0,701.0,412.0,240.0,1,Rural,Y
LP007995,Male,Yes,1,Not Graduate,Yes,15458.0,7597.0,94.0,240.0,1,Urban,N
LP008004,Female,Yes,3,Graduate,Yes,3099.0,7311.0,436.0,240.0,0,Rural,N
LP008006,Male,Yes,3,Not Graduate,No,17813.0,1089.0,296.0,360.0,0,Urban,Y
LP008007,Male,Yes,1,Not Graduate,No,5969.0,5011.0,168.0,180.0,1,Urban,Y
LP008015,Female,No,0,Graduate,No,16500.0,7902.0,248.0,360.0,1,Rural,N
LP008020,Female,No,1,Not Graduate,Yes,9056.0,3464.0,167.0,180.0,0,Semiurban,Y
LP008042,Male,No,3,Not Graduate,No,3819.0,7031.0,439.0,180.0,1,Rural,N
LP008079,Female,No,2,Not Graduate,Yes,11122.0,4615.0,158.0,240.0,1,Rural,Y
LP008079,Male,No,1,Not Graduate,Yes,3303.0,9817.0,465.0,240.0,0,Urban,N
LP008084,Male,Yes,2,Not Graduate,Yes,8989.0,2648.0,329.0,180.0,0,Semiurban,Y
LP008085,Male,No,0,Graduate,Yes,6612.0,1729.0,110.0,360.0,0,Urban,N
LP008089,Male,Yes,2,Graduate,Yes,13245.0,9390.0,232.0,240.0,0,Semiurban,N
LP008089,Male,Yes,1,Graduate,Yes,6679.0,6604.0,468.0,240.0,1,Urban,N
LP008093,Female,Yes,1,Graduate,No,15511.0,8011.0,203.0,240.0,0,Semiurban,N
LP008103,Female,No,1,Not Graduate,No,19318.0,2846.0,64.0,360.0,1,Urban,Y
LP008111,Female,No,1,Graduate,Yes,4273.0,2510.0,96.0,240.0,0,Urban,Y
LP008116,Female,No,2,Graduate,Yes,18420.0,1835.0,119.0,180.0,0,Urban,Y
LP008119,Male,No,0,Graduate,Yes,7668.0,8902.0,310.0,360.0,1,Urban,Y
LP008126,Female,No,2,Graduate,Yes,14147.0,9304.0,33.0,180.0,1,Semiurban,Y
LP008127,Female,No,0,Not Graduate,Yes,9297.0,7081.0,44.0,180.0,1,Rural,N
LP008141,Male,Yes,2,Not Graduate,No,18243.0,5011.0,439.0,180.0,1,Semiurban,N
LP008147,Female,Yes,3,Not Graduate,Yes,12249.0,2278.0,368.0,240.0,1,Urban,N
LP008152,Female,Yes,1,Graduate,No,15508.0,6391.0,117.0,240.0,1,Rural,N
LP008193,Male,Yes,3,Not Graduate,No,14641.0,9981.0,152.0,180.0,0,Urban,Y
LP008200,Male,Yes,1,Not Graduate,No,7565.0,1954.0,498.0,360.0,0,Semiurban,N
LP008201,Female,Yes,3,Not Graduate,Yes,13704.0,3392.0,54.0,360.0,1,Urban,Y
LP008221,Male,No,1,Graduate,Yes,8319.0,5063.0,475.0,180.0,0,Urban,Y
LP008222,Male,Yes,1,Not Graduate,No,5477.0,3922.0,418.0,180.0,1,Semiurban,Y
LP008224,Female,No,2,Not Graduate,Yes,11461.0,2183.0,424.0,360.0,1,Rural,Y
LP008230,Male,Yes,0,Graduate,No,15345.0,4726.0,312.0,360.0,1,Rural,Y
LP008238,Male,No,1,Graduate,No,7507.0,2143.0,114.0,360.0,1,Rural,Y
LP008247,Female,Yes,0,Not Graduate,Yes,14772.0,7218.0,291.0,180.0,1,Semiurban,Y
LP008250,Female,Yes,1,Graduate,No,6890.0,3701.0,33.0,180.0,1,Semiurban,N
LP008255,Male,No,3,Graduate,Yes,4918.0,8310.0,341.0,180.0,1,Rural,Y
LP008256,Female,Yes,3,Not Graduate,No,14876.0,5576.0,29.0,240.0,0,Semiurban,Y
LP008263,Female,No,1,Not Graduate,Yes,12701.0,8879.0,377.0,180.0,0,Semiurban,Y
LP008264,Male,No,2,Graduate,Yes,4625.0,479.0,462.0,240.0,0,Semiurban,N
LP008270,Male,Yes,2,Not Graduate,Yes,6735.0,4773.0,363.0,180.0,0,Semiurban,Y
LP008270,Female,Yes,0,Not Graduate,No,10355.0,2524.0,275.0,360.0,0,Urban,Y
LP008274,Male,Yes,2,Not Graduate,No,14387.0,1865.0,224.0,360.0,0,Urban,Y
LP008281,Female,No,1,Not Graduate,No,10009.0,3807.0,420.0,180.0,1,Semiurban,N
LP008283,Male,No,0,Graduate,Yes,11222.0,4093.0,62.0,360.0,0,Urban,Y
LP008283,Female,No,2,Not Graduate,No,6450.0,7487.0,320.0,180.0,0,Semiurban,N
LP008289,Male,Yes,1,Not Graduate,No,10092.0,9466.0,230.0,240.0,1,Urban,Y
LP008330,Male,No,0,Graduate,No,8964.0,3504.0,172.0,240.0,1,Rural,Y
LP008338,Female,No,2,Not Graduate,Yes,10548.0,7872.0,22.0,360.0,1,Rural,N
LP008351,Female,No,0,Not Graduate,No,14817.0,6873.0,103.0,180.0,1,Semiurban,N
LP008354,Female,No,3,Not Graduate,Yes,4878.0,5647.0,411.0,180.0,0,Urban,N
LP008364,Female,No,3,Graduate,Yes,18874.0,7928.0,271.0,240.0,1,Semiurban,Y
LP008379,Female,Yes,3,Not Graduate,Yes,9897.0,1786.0,417.0,180.0,1,Urban,N
LP008382,Female,Yes,3,Not Graduate,Yes,4713.0,9730.0,87.0,360.0,0,Rural,Y
LP008385,Female,Yes,0,Graduate,No,13826.0,4341.0,165.0,360.0,0,Rural,N
LP008412,Female,Yes,3,Not Graduate,No,11785.0,2921.0,468.0,240.0,0,Rural,N
LP008412,Female,Yes,1,Graduate,Yes,17316.0,9210.0,73.0,180.0,0,Rural,Y
LP008446,Male,No,0,Graduate,Yes,3941.0,6381.0,439.0,240.0,1,Rural,N
LP008466,Male,No,1,Not Graduate,No,7362.0,9080.0,35.0,360.0,0,Urban,Y
LP008467,Female,No,1,Graduate,No,1586.0,9440.0,399.0,180.0,0,Semiurban,Y
LP008468,Male,No,3,Not Graduate,Yes,15695.0,2706.0,367.0,180.0,1,Rural,Y
LP008470,Female,Yes,1,Graduate,Yes,13256.0,8700.0,272.0,360.0,1,Urban,N
LP008473,Female,No,1,Graduate,Yes,18726.0,2405.0,289.0,360.0,0,Rural,Y
LP008478,Female,No,0,Graduate,Yes,7639.0,7338.0,362.0,240.0,0,Urban,Y
LP008483,Male,Yes,0,Graduate,Yes,2205.0,7284.0,457.0,240.0,1,Semiurban,Y
LP008491,Female,Yes,1,Not Graduate,Yes,19298.0,3819.0,77.0,360.0,0,Rural,Y
LP008492,Male,No,0,Graduate,No,10878.0,4517.0,324.0,360.0,0,Rural,N
LP008506,Male,Yes,1,Not Graduate,No,5307.0,6858.0,92.0,180.0,0,Semiurban,Y
LP008511,Male,Yes,0,Graduate,Yes,7465.0,5870.0,329.0,360.0,1,Semiurban,Y
LP008514,Male,No,2,Not Graduate,Yes,6947.0,4942.0,189.0,240.0,1,Semiurban,Y
LP008534,Female,No,1,Not Graduate,Yes,14336.0,1098.0,343.0,360.0,0,Urban,Y
LP008538,Female,No,3,Graduate,No,15937.0,559.0,63.0,240.0,1,Urban,N
LP008541,Male,Yes,3,Not Graduate,Yes,15701.0,4815.0,448.0,240.0,1,Semiurban,N
LP008555,Female,No,1,Not Graduate,Yes,19397.0,9294.0,119.0,240.0,1,Semiurban,N
LP008565,Female,No,2,Not Graduate,Yes,14556.0,7143.0,449.0,180.0,0,Urban,N
LP008581,Female,Yes,3,Not Graduate,No,15876.0,6137.0,474.0,360.0,1,Semiurban,N
LP008592,Male,Yes,1,Not Graduate,No,5469.0,351.0,185.0,240.0,0,Semiurban,N
LP008603,Female,Yes,2,Not Graduate,No,12220.0,4626.0,186.0,360.0,0,Rural,Y
LP008605,Male,Yes,0,Not Graduate,Yes,15073.0,6907.0,115.0,180.0,1,Semiurban,Y
LP008610,Female,No,2,Graduate,No,9322.0,6793.0,97.0,360.0,0,Urban,Y
LP008646,Female,No,2,Graduate,No,17687.0,4910.0,368.0,240.0,1,Semiurban,N
LP008654,Female,Yes,2,Not Graduate,Yes,4634.0,1422.0,319.0,240.0,1,Rural,N
LP008677,Male,Yes,0,Not Graduate,Yes,4242.0,9103.0,358.0,240.0,1,Urban,Y
LP008677,Female,No,1,Not Graduate,No,16202.0,1939.0,75.0,240.0,1,Urban,N
LP008681,Male,Yes,3,Graduate,Yes,7484.0,4590.0,345.0,360.0,0,Semiurban,Y
LP008681,Female,Yes,3,Not Graduate,No,8447.0,1206.0,173.0,240.0,0,Semiurban,Y
LP008682,Male,Yes,1,Not Graduate,Yes,18413.0,9285.0,228.0,240.0,1,Urban,N
LP008688,Female,No,2,Not Graduate,Yes,13147.0,4335.0,422.0,180.0,0,Rural,Y
LP008688,Female,Yes,2,Not Graduate,Yes,17231.0,3165.0,253.0,240.0,1,Rural,Y
LP008696,Female,Yes,3,Not Graduate,No,7244.0,9292.0,426.0,360.0,0,Urban,Y
LP008706,Male,No,2,Not Graduate,Yes,10939.0,6429.0,45.0,180.0,1,Urban,Y
LP008707,Male,No,0,Graduate,Yes,17506.0,3597.0,100.0,360.0,1,Urban,N
LP008712,Male,No,1,Not Graduate,No,9520.0,644.0,482.0,180.0,0,Semiurban,Y
LP008718,Female,No,1,Not Graduate,Yes,19212.0,5346.0,117.0,360.0,0,Urban,Y
LP008719,Female,No,1,Graduate,No,16557.0,1131.0,396.0,180.0,0,Semiurban,Y
LP008722,Male,No,0,Not Graduate,Yes,9127.0,1085.0,175.0,240.0,0,Rural,N
LP008723,Female,Yes,1,Not Graduate,No,11317.0,7219.0,235.0,180.0,1,Rural,N
LP008725,Female,No,2,Graduate,Yes,10564.0,8830.0,445.0,180.0,1,Urban,Y
LP008727,Male,Yes,0,Graduate,Yes,12271.0,136.0,238.0,180.0,1,Semiurban,Y
LP008730,Male,Yes,1,Not Graduate,No,10684.0,6205.0,300.0,180.0,1,Rural,N
LP008732,Female,No,0,Graduate,No,16832.0,5552.0,440.0,240.0,0,Urban,N
LP008738,Male,No,3,Graduate,No,4767.0,9437.0,478.0,240.0,0,Urban,N
LP008748,Male,No,1,Not Graduate,No,3559.0,198.0,58.0,360.0,1,Urban,N
LP008755,Female,Yes,0,Not Graduate,No,5674.0,8525.0,201.0,240.0,1,Urban,Y
LP008760,Female,Yes,1,Not Graduate,No,13031.0,8383.0,59.0,240.0,1,Rural,N
LP008767,Female,No,3,Graduate,No,17746.0,1908.0,132.0,180.0,1,Semiurban,Y
LP008772,Male,No,2,Not Graduate,Yes,11991.0,4775.0,132.0,180.0,1,Rural,N
LP008783,Male,Yes,2,Not Graduate,No,12173.0,489.0,493.0,360.0,0,Semiurban,N
LP008788,Male,No,3,Graduate,Yes,19069.0,2735.0,259.0,240.0,0,Semiurban,Y
LP008794,Female,Yes,0,Graduate,No,15723.0,1805.0,178.0,360.0,1,Urban,N
LP008798,Male,No,2,Graduate,Yes,12695.0,7250.0,392.0,240.0,1,Urban,N
LP008807,Female,No,0,Graduate,Yes,2587.0,4744.0,206.0,240.0,0,Semiurban,N
LP008811,Female,Yes,1,Not Graduate,Yes,4748.0,7264.0,397.0,180.0,1,Urban,Y
LP008818,Female,Yes,0,Not Graduate,No,14019.0,7537.0,288.0,180.0,0,Rural,Y
LP008818,Male,No,2,Not Graduate,No,10893.0,2573.0,96.0,360.0,1,Rural,Y
LP008823,Female,No,0,Graduate,Yes,13036.0,701.0,360.0,180.0,0,Rural,N
LP008829,Female,Yes,0,Not Graduate,No,15251.0,3063.0,384.0,240.0,0,Semiurban,N
LP008831,Male,No,3,Graduate,Yes,18087.0,7207.0,110.0,240.0,1,Semiurban,N
LP008834,Female,No,1,Not Graduate,No,19223.0,4518.0,80.0,360.0,0,Semiurban,Y
LP008851,Female,Yes,0,Not Graduate,Yes,2015.0,1970.0,60.0,240.0,1,Urban,Y
LP008851,Female,No,1,Graduate,No,18327.0,7436.0,499.0,180.0,1,Urban,N
LP008852,Female,Yes,3,Not Graduate,Yes,7756.0,1.0,435.0,180.0,1,Urban,Y
LP008860,Female,No,0,Graduate,No,13259.0,4908.0,237.0,180.0,1,Rural,Y
LP008862,Male,Yes,2,Not Graduate,Yes,5548.0,4305.0,411.0,240.0,0,Urban,N
LP008873,Male,No,3,Graduate,No,9419.0,998.0,332.0,360.0,0,Rural,N
LP008887,Male,Yes,1,Graduate,Yes,7490.0,1419.0,368.0,240.0,1,Urban,Y
LP008891,Female,Yes,2,Graduate,No,1892.0,6157.0,168.0,240.0,0,Rural,N
LP008891,Male,Yes,1,Not Graduate,No,7526.0,6932.0,126.0,240.0,0,Rural,Y
LP008892,Female,No,3,Graduate,No,5118.0,1338.0,156.0,180.0,0,Semiurban,N
LP008893,Male,No,3,Not Graduate,Yes,16619.0,5248.0,281.0,180.0,1,Urban,N
LP008897,Male,Yes,1,Not Graduate,Yes,14110.0,7065.0,352.0,360.0,0,Urban,Y
LP008904,Female,Yes,2,Not Graduate,Yes,12217.0,3070.0,385.0,240.0,1,Semiurban,N
LP008910,Female,Yes,3,Graduate,No,16481.0,9604.0,337.0,240.0,1,Rural,Y
LP008922,Male,Yes,2,Not Graduate,Yes,6333.0,9291.0,74.0,360.0,1,Urban,N
LP008941,Male,No,0,Not Graduate,Yes,12686.0,7565.0,408.0,240.0,1,Rural,Y
LP008953,Male,Yes,2,Not Graduate,Yes,6446.0,8563.0,112.0,180.0,1,Urban,Y
LP008956,Female,No,2,Graduate,Yes,6063.0,1715.0,340.0,360.0,0,Rural,Y
LP008980,Male,Yes,1,Not Graduate,Yes,8937.0,9793.0,28.0,180.0,0,Urban,Y
LP008984,Male,No,1,Not Graduate,Yes,9604.0,5449.0,399.0,360.0,1,Urban,Y
LP008991,Female,No,2,Graduate,Yes,2709.0,7262.0,26.0,240.0,1,Semiurban,N
LP008993,Male,No,1,Graduate,No,14131.0,9144.0,93.0,360.0,0,Urban,N
LP008998,Female,Yes,2,Graduate,Yes,18663.0,512.0,199.0,180.0,1,Urban,N
LP009001,Female,No,0,Graduate,Yes,10448.0,3639.0,77.0,360.0,1,Urban,Y
LP009002,Female,Yes,3,Not Graduate,Yes,13859.0,154.0,94.0,180.0,0,Urban,N
LP009019,Female,Yes,3,Graduate,Yes,17887.0,1081.0,176.0,240.0,0,Rural,N
LP009019,Male,Yes,3,Graduate,Yes,19880.0,9055.0,65.0,360.0,1,Rural,N
LP009027,Male,Yes,3,Not Graduate,Yes,6187.0,4973.0,145.0,180.0,0,Urban,N
LP009034,Female,Yes,0,Graduate,Yes,11890.0,7931.0,467.0,180.0,1,Rural,N
LP009048,Female,Yes,3,Not Graduate,No,2522.0,1096.0,353.0,360.0,0,Urban,Y
LP009052,Male,Yes,0,Graduate,Yes,15865.0,8071.0,416.0,240.0,1,Urban,N
LP009058,Female,No,1,Graduate,Yes,2465.0,5827.0,285.0,180.0,1,Urban,N
LP009061,Female,Yes,2,Graduate,No,1895.0,263.0,253.0,180.0,1,Urban,Y
LP009073,Female,No,1,Graduate,No,3319.0,5065.0,212.0,360.0,0,Urban,N
LP009076,Male,Yes,1,Graduate,Yes,14272.0,3126.0,413.0,360.0,1,Rural,Y
LP009097,Female,Yes,3,Graduate,No,18617.0,6538.0,462.0,360.0,1,Rural,N
LP009115,Male,No,2,Graduate,Yes,16859.0,925.0,364.0,360.0,1,Urban,N
LP009118,Female,No,3,Not Graduate,Yes,4428.0,9252.0,373.0,240.0,1,Semiurban,Y
LP009121,Female,No,0,Graduate,Yes,4206.0,8708.0,435.0,360.0,1,Semiurban,N
LP009135,Male,Yes,1,Not Graduate,Yes,17041.0,5772.0,477.0,240.0,1,Rural,Y
LP009165,Female,No,1,Not Graduate,No,9171.0,4242.0,461.0,240.0,1,Urban,Y
LP009172,Male,No,3,Not Graduate,Yes,15168.0,1624.0,275.0,360.0,0,Urban,Y
LP009175,Female,No,2,Graduate,Yes,4486.0,8329.0,367.0,180.0,0,Rural,N
LP009177,Female,No,3,Not Graduate,Yes,16470.0,6069.0,93.0,360.0,1,Rural,Y
LP009189,Male,Yes,0,Graduate,Yes,9330.0,8573.0,158.0,240.0,0,Urban,N
LP009195,Female,No,3,Not Graduate,No,1630.0,8942.0,123.0,360.0,0,Urban,Y
LP009196,Male,Yes,0,Not Graduate,No,7565.0,802.0,120.0,240.0,1,Rural,N
LP009203,Male,Yes,3,Graduate,Yes,18832.0,6214.0,478.0,180.0,1,Rural,N
LP009220,Male,No,3,Graduate,Yes,15357.0,724.0,293.0,240.0,0,Semiurban,N
LP009226,Female,No,0,Not Graduate,No,13986.0,3192.0,446.0,240.0,0,Urban,N
LP009226,Female,Yes,1,Not Graduate,No,16636.0,9971.0,115.0,360.0,1,Urban,Y
LP009230,Male,No,3,Not Graduate,No,2000.0,5674.0,417.0,360.0,1,Rural,Y
LP009232,Male,No,3,Graduate,Yes,19131.0,4728.0,278.0,180.0,0,Rural,N
LP009236,Male,Yes,0,Not Graduate,Yes,17560.0,231.0,431.0,240.0,0,Semiurban,Y
LP009236,Male,Yes,2,Graduate,Yes,7690.0,5970.0,205.0,360.0,0,Semiurban,N
LP009248,Male,No,1,Not Graduate,Yes,19494.0,1204.0,237.0,180.0,0,Urban,N
LP009253,Male,Yes,3,Graduate,Yes,14556.0,1327.0,159.0,180.0,1,Urban,Y
LP009261,Male,Yes,3,Not Graduate,Yes,19666.0,8782.0,223.0,360.0,1,Urban,N
LP009267,Male,No,3,Not Graduate,No,7032.0,7025.0,22.0,180.0,1,Rural,Y
LP009279,Female,Yes,2,Graduate,No,12936.0,346.0,95.0,180.0,0,Rural,Y
LP009298,Male,No,0,Not Graduate,No,9485.0,1366.0,277.0,240.0,1,Urban,Y
LP009300,Male,Yes,2,Not Graduate,Yes,18852.0,4353.0,117.0,360.0,0,Semiurban,N
LP009300,Male,No,2,Graduate,No,3879.0,1872.0,46.0,180.0,0,Urban,N
LP009305,Female,No,0,Graduate,Yes,14580.0,5054.0,288.0,360.0,1,Semiurban,Y
LP009306,Male,Yes,0,Not Graduate,No,9739.0,7014.0,74.0,360.0,1,Rural,Y
LP009316,Female,No,2,Not Graduate,No,15620.0,2151.0,341.0,360.0,0,Semiurban,Y
LP009319,Female,Yes,0,Not Graduate,No,1672.0,3178.0,302.0,360.0,0,Urban,N
LP009320,Female,Yes,0,Not Graduate,No,2458.0,3392.0,163.0,360.0,1,Rural,Y
LP009328,Female,No,0,Graduate,Yes,5889.0,5895.0,248.0,180.0,1,Semiurban,N
LP009329,Female,No,3,Not Graduate,No,12123.0,2662.0,393.0,240.0,1,Semiurban,N
LP009334,Female,Yes,3,Graduate,Yes,17617.0,6489.0,473.0,240.0,1,Semiurban,N
LP009340,Male,Yes,1,Not Graduate,No,19798.0,9003.0,372.0,180.0,1,Rural,N
LP009343,Male,Yes,0,Graduate,Yes,14897.0,4141.0,27.0,180.0,1,Semiurban,N
LP009360,Female,Yes,3,Not Graduate,No,19424.0,43.0,412.0,180.0,1,Urban,N
LP009361,Male,Yes,3,Not Graduate,No,8925.0,8608.0,258.0,240.0,0,Rural,Y
LP009362,Male,Yes,2,Graduate,No,12977.0,4374.0,382.0,360.0,0,Urban,Y
LP009362,Female,No,0,Graduate,No,19095.0,5749.0,480.0,180.0,0,Urban,Y
LP009366,Male,No,2,Not Graduate,No,2990.0,3290.0,28.0,180.0,1,Urban,Y
LP009372,Male,No,3,Not Graduate,No,12496.0,557.0,244.0,360.0,0,Rural,Y
LP009379,Female,Yes,2,Not Graduate,No,18768.0,3963.0,175.0,360.0,1,Urban,N
LP009381,Male,Yes,3,Graduate,Yes,18420.0,3795.0,477.0,360.0,1,Rural,Y
LP009384,Male,Yes,1,Graduate,Yes,7673.0,5017.0,159.0,180.0,1,Rural,Y
LP009391,Female,Yes,0,Not Graduate,No,2714.0,7226.0,395.0,180.0,0,Rural,N
LP009392,Female,No,1,Graduate,No,4529.0,3305.0,483.0,180.0,0,Semiurban,N
LP009398,Male,Yes,0,Not Graduate,Yes,6509.0,3040.0,224.0,240.0,0,Urban,N
LP009399,Male,No,2,Graduate,No,8234.0,2663.0,305.0,180.0,1,Rural,N
LP009399,Female,No,2,Graduate,No,7880.0,4720.0,349.0,180.0,0,Semiurban,Y
LP009402,Female,No,1,Graduate,No,12159.0,3412.0,341.0,240.0,1,Rural,Y
LP009406,Male,Yes,3,Not Graduate,Yes,6692.0,1692.0,269.0,180.0,0,Semiurban,Y
LP009407,Male,No,2,Not Graduate,Yes,7772.0,9669.0,30.0,240.0,0,Urban,Y
LP009437,Male,Yes,1,Not Graduate,No,5844.0,5698.0,139.0,180.0,1,Rural,N
LP009440,Female,Yes,1,Graduate,Yes,16443.0,2111.0,231.0,180.0,0,Semiurban,N
LP009442,Female,No,0,Not Graduate,Yes,11595.0,7405.0,410.0,240.0,0,Urban,Y
LP009447,Female,No,0,Not Graduate,Yes,3717.0,851.0,422.0,240.0,1,Urban,Y
LP009469,Male,No,3,Not Graduate,No,7266.0,8637.0,341.0,240.0,1,Urban,N
LP009479,Male,Yes,0,Graduate,Yes,13983.0,9020.0,206.0,240.0,0,Urban,Y
LP009480,Male,No,3,Graduate,No,12599.0,5624.0,217.0,240.0,0,Semiurban,Y
LP009485,Female,Yes,2,Graduate,No,15301.0,4691.0,41.0,180.0,1,Urban,N
LP009508,Female,No,3,Not Graduate,Yes,3367.0,7941.0,170.0,180.0,0,Urban,Y
LP009517,Male,No,0,Not Graduate,No,3590.0,6981.0,64.0,360.0,0,Urban,N
LP009530,Female,Yes,3,Graduate,Yes,15029.0,7014.0,331.0,240.0,1,Urban,N
LP009540,Female,No,0,Not Graduate,Yes,4489.0,5625.0,71.0,180.0,1,Urban,N
LP009545,Male,No,1,Graduate,No,1760.0,3974.0,135.0,240.0,0,Semiurban,N
LP009548,Male,No,1,Graduate,No,10284.0,4829.0,493.0,240.0,0,Rural,N
LP009550,Male,No,0,Graduate,No,12344.0,4838.0,197.0,180.0,0,Rural,Y
LP009558,Female,Yes,2,Graduate,Yes,19616.0,6728.0,123.0,180.0,1,Rural,N
LP009559,Male,No,2,Graduate,No,15354.0,8036.0,239.0,360.0,0,Rural,Y
LP009562,Male,Yes,0,Graduate,Yes,7078.0,5216.0,384.0,240.0,0,Semiurban,Y
LP009568,Female,Yes,1,Not Graduate,No,19946.0,2983.0,81.0,240.0,0,Semiurban,Y
LP009573,Female,Yes,0,Not Graduate,Yes,17919.0,5411.0,111.0,180.0,0,Semiurban,N
LP009577,Female,Yes,0,Graduate,Yes,9366.0,3979.0,214.0,240.0,1,Semiurban,N
LP009578,Male,Yes,1,Not Graduate,Yes,3047.0,5450.0,398.0,240.0,0,Semiurban,N
LP009583,Male,No,0,Not Graduate,No,6163.0,2400.0,335.0,360.0,0,Urban,N
LP009593,Female,No,3,Not Graduate,No,18264.0,9094.0,151.0,180.0,0,Rural,N
LP009597,Female,No,0,Graduate,No,10008.0,4768.0,248.0,360.0,1,Semiurban,Y
LP009603,Male,Yes,1,Not Graduate,No,6115.0,9086.0,351.0,180.0,0,Semiurban,N
LP009605,Female,No,0,Graduate,Yes,19425.0,8920.0,102.0,180.0,0,Rural,N
LP009616,Female,No,1,Not Graduate,No,19696.0,2836.0,109.0,240.0,1,Urban,N
LP009626,Female,No,2,Graduate,Yes,18406.0,4575.0,53.0,180.0,1,Rural,N
LP009650,Female,Yes,2,Not Graduate,Yes,9826.0,5611.0,123.0,240.0,1,Rural,Y
LP009650,Male,Yes,2,Graduate,Yes,9466.0,920.0,116.0,180.0,1,Rural,N
LP009658,Male,No,3,Not Graduate,Yes,14967.0,7362.0,321.0,360.0,0,Semiurban,Y
LP009659,Female,Yes,1,Not Graduate,Yes,6834.0,9860.0,91.0,240.0,1,Semiurban,N
LP009669,Male,No,3,Graduate,Yes,2779.0,7320.0,277.0,240.0,0,Semiurban,Y
LP009675,Male,Yes,1,Graduate,Yes,15557.0,1989.0,159.0,240.0,0,Semiurban,Y
LP009679,Female,Yes,0,Graduate,Yes,5463.0,7683.0,280.0,240.0,1,Semiurban,N
LP009694,Male,Yes,0,Not Graduate,Yes,18577.0,7326.0,171.0,360.0,1,Rural,Y
LP009695,Male,No,2,Graduate,Yes,11244.0,3765.0,121.0,240.0,1,Rural,N
LP009696,Male,No,3,Not Graduate,No,17489.0,9003.0,62.0,360.0,1,Rural,N
LP009699,Female,Yes,0,Not Graduate,No,16926.0,1237.0,198.0,240.0,1,Urban,Y
LP009722,Male,Yes,3,Graduate,No,4542.0,784.0,136.0,180.0,1,Semiurban,Y
LP009739,Male,Yes,2,Not Graduate,Yes,3944.0,2831.0,238.0,360.0,1,Urban,N
LP009745,Male,No,0,Not Graduate,No,6473.0,1723.0,420.0,360.0,0,Semiurban,Y
LP009750,Female,No,2,Not Graduate,No,4078.0,8102.0,279.0,180.0,1,Semiurban,Y
LP009751,Male,No,3,Graduate,Yes,13470.0,1998.0,429.0,180.0,1,Urban,N
LP009767,Female,Yes,0,Graduate,Yes,19695.0,9306.0,296.0,180.0,0,Semiurban,Y
LP009775,Female,Yes,3,Not Graduate,No,6111.0,9933.0,50.0,360.0,1,Rural,Y
LP009779,Male,Yes,2,Not Graduate,No,3706.0,9506.0,258.0,240.0,1,Rural,N
LP009780,Male,Yes,1,Not Graduate,No,9122.0,2954.0,99.0,240.0,1,Urban,Y
LP009783,Female,Yes,3,Graduate,No,12770.0,9242.0,71.0,360.0,1,Urban,N
LP009787,Female,Yes,1,Graduate,Yes,19495.0,2207.0,457.0,180.0,1,Urban,Y
LP009794,Female,Yes,0,Graduate,No,9077.0,3442.0,162.0,240.0,1,Rural,N
LP009799,Male,Yes,3,Not Graduate,Yes,18384.0,6749.0,321.0,180.0,1,Semiurban,N
LP009806,Female,No,0,Not Graduate,No,7308.0,5909.0,470.0,360.0,1,Semiurban,N
LP009827,Male,No,2,Not Graduate,Yes,11328.0,4431.0,343.0,360.0,1,Rural,N
LP009845,Female,No,3,Graduate,No,18350.0,2353.0,264.0,240.0,0,Urban,N
LP009848,Male,No,0,Graduate,Yes,16955.0,7986.0,320.0,360.0,1,Semiurban,N
LP009852,Male,Yes,3,Graduate,Yes,17139.0,7641.0,270.0,240.0,0,Semiurban,N
LP009868,Male,No,1,Not Graduate,No,17305.0,8538.0,123.0,240.0,1,Rural,Y
LP009878,Female,No,2,Graduate,No,2950.0,4469.0,93.0,360.0,0,Semiurban,N
LP009895,Male,No,2,Not Graduate,Yes,4010.0,5167.0,168.0,240.0,0,Urban,N
LP009902,Female,No,2,Not Graduate,No,19727.0,6844.0,57.0,240.0,0,Semiurban,N
LP009936,Female,No,0,Not Graduate,Yes,17391.0,7064.0,347.0,240.0,0,Urban,Y
LP009936,Male,Yes,0,Graduate,Yes,13353.0,5527.0,465.0,180.0,1,Semiurban,N
LP009940,Female,No,2,Not Graduate,Yes,4337.0,4627.0,421.0,180.0,0,Rural,Y
LP009944,Female,Yes,2,Graduate,Yes,2523.0,1873.0,316.0,180.0,1,Semiurban,N
LP009954,Female,No,1,Graduate,No,14475.0,1339.0,378.0,360.0,1,Rural,Y
LP009961,Female,No,1,Graduate,Yes,19214.0,829.0,310.0,180.0,1,Rural,N
LP009965,Male,No,3,Graduate,Yes,13658.0,9822.0,323.0,180.0,0,Urban,N
LP009966,Male,Yes,0,Graduate,No,13683.0,2223.0,182.0,360.0,1,Semiurban,Y
LP009970,Male,Yes,3,Not Graduate,Yes,19409.0,768.0,222.0,360.0,0,Urban,N
LP009977,Female,Yes,2,Graduate,Yes,8997.0,1354.0,355.0,360.0,0,Rural,Y
LP009996,Female,Yes,2,Graduate,No,19858.0,6305.0,463.0,240.0,1,Rural,Y
